Temperature,Growth,Metal_source,Metal_amount,Metal_mmol,Metal_concentration,Chalcogen_source,Chalcogen_amount,Chalcogen_mmol,Chalcogen_concentration,Metal/Se_ratio,Carboxylic_Acid,CA_amount,CA_mmol,Cd/CA_ratio,Amines,Amines_amount,Phosphines,Phosphines_amount,Phosphines_mmol,Chalcogen/Ph_ratio,Solvent I,S_I_amount,Solvent II,S_II_amount,Total_amount,Time_min,Diameter_nm,Diameter from,Citation
300,300,cadmium stearate,0.13,0.2,0.02,Se powder,0.06,0.8,0.07,0.25,None,0,0,0,octadecylamine,0.2,trioctylphosphine,1.25,3.38,0.24,octadecene,10,None,0,11.65,5,3.41,TEM,J. Phys. Chem. C 2012 116 47 25065 - 25073     
225,225,cadmium oxide,0.01,0.1,0.01,Se powder,0.03,0.38,0.04,0.27,oleic acid,0.54,1.9,0.05,None,0,trioctylphosphine,0.33,0.9,0.42,octadecene,7.89,None,0,8.8,0.5,2.5,TEM,Colloids and Surfaces A: Physicochemical and Engineering Aspects 2016 494 162 - 169  
250,250,cadmium stearate,0.0678,0.1,0.035257823,Se powder,0.00395,0.05,0.017628911,2,None,0,0,0,None,0,None,0,0,0,octadecene,2.7645,None,0,2.83625,0.5,1.99,TEM,J. Phys. Chem. Lett. 2017 8 15 3576-3580     
250,250,cadmium stearate,0.0678,0.1,0.034915592,Se powder,0.00395,0.05,0.017457796,2,None,0,0,0,None,0,trioctylphosphine,0.0278,0.075,0.666666667,octadecene,2.7645,None,0,2.86405,0.5,2.13,TEM,J. Phys. Chem. Lett. 2017 8 15 3576-3580     
250,250,cadmium stearate,0.0678,0.1,0.034915592,Se powder,0.00395,0.05,0.017457796,2,None,0,0,0,None,0,trioctylphosphine,0.0278,0.075,0.666666667,octadecene,2.7645,None,0,2.86405,1,2.27,TEM,J. Phys. Chem. Lett. 2017 8 15 3576-3580     
250,250,cadmium stearate,0.0678,0.1,0.034915592,Se powder,0.00395,0.05,0.017457796,2,None,0,0,0,None,0,trioctylphosphine,0.0278,0.075,0.666666667,octadecene,2.7645,None,0,2.86405,2,2.53,TEM,J. Phys. Chem. Lett. 2017 8 15 3576-3580     
250,250,cadmium stearate,0.0678,0.1,0.034915592,Se powder,0.00395,0.05,0.017457796,2,None,0,0,0,None,0,trioctylphosphine,0.0278,0.075,0.666666667,octadecene,2.7645,None,0,2.86405,5,2.71,TEM,J. Phys. Chem. Lett. 2017 8 15 3576-3580     
250,250,cadmium stearate,0.0678,0.1,0.034915592,Se powder,0.00395,0.05,0.017457796,2,None,0,0,0,None,0,trioctylphosphine,0.0278,0.075,0.666666667,octadecene,2.7645,None,0,2.86405,15,2.91,TEM,J. Phys. Chem. Lett. 2017 8 15 3576-3580     
250,250,cadmium stearate,0.0678,0.1,0.034915592,Se powder,0.00395,0.05,0.017457796,2,None,0,0,0,None,0,trioctylphosphine,0.0278,0.075,0.666666667,octadecene,2.7645,None,0,2.86405,30,3.02,TEM,J. Phys. Chem. Lett. 2017 8 15 3576-3580     
250,250,cadmium stearate,0.0678,0.1,0.034915592,Se powder,0.00395,0.05,0.017457796,2,None,0,0,0,None,0,trioctylphosphine,0.0278,0.075,0.666666667,octadecene,2.7645,None,0,2.86405,45,3.02,TEM,J. Phys. Chem. Lett. 2017 8 15 3576-3580     
250,250,cadmium stearate,0.0678,0.1,0.034915592,Se powder,0.00395,0.05,0.017457796,2,None,0,0,0,None,0,trioctylphosphine,0.0278,0.075,0.666666667,octadecene,2.7645,None,0,2.86405,60,3.02,TEM,J. Phys. Chem. Lett. 2017 8 15 3576-3580     
250,250,cadmium stearate,0.0678,0.1,0.013729757,Se powder,0.00395,0.05,0.006864879,2,None,0,0,0,None,0,trioctylphosphine,4.4472,0.6,0.083333333,octadecene,2.7645,None,0,7.28345,0.5,2.98,TEM,J. Phys. Chem. Lett. 2017 8 15 3576-3580     
250,250,cadmium stearate,0.0678,0.1,0.013729757,Se powder,0.00395,0.05,0.006864879,2,None,0,0,0,None,0,trioctylphosphine,4.4472,0.6,0.083333333,octadecene,2.7645,None,0,7.28345,1,3.21,TEM,J. Phys. Chem. Lett. 2017 8 15 3576-3580     
250,250,cadmium stearate,0.0678,0.1,0.013729757,Se powder,0.00395,0.05,0.006864879,2,None,0,0,0,None,0,trioctylphosphine,4.4472,0.6,0.083333333,octadecene,2.7645,None,0,7.28345,2,3.43,TEM,J. Phys. Chem. Lett. 2017 8 15 3576-3580     
250,250,cadmium stearate,0.0678,0.1,0.013729757,Se powder,0.00395,0.05,0.006864879,2,None,0,0,0,None,0,trioctylphosphine,4.4472,0.6,0.083333333,octadecene,2.7645,None,0,7.28345,5,4.07,TEM,J. Phys. Chem. Lett. 2017 8 15 3576-3580     
250,250,cadmium stearate,0.0678,0.1,0.013729757,Se powder,0.00395,0.05,0.006864879,2,None,0,0,0,None,0,trioctylphosphine,4.4472,0.6,0.083333333,octadecene,2.7645,None,0,7.28345,15,4.95,TEM,J. Phys. Chem. Lett. 2017 8 15 3576-3580     
250,250,cadmium stearate,0.0678,0.1,0.013729757,Se powder,0.00395,0.05,0.006864879,2,None,0,0,0,None,0,trioctylphosphine,4.4472,0.6,0.083333333,octadecene,2.7645,None,0,7.28345,30,5.41,TEM,J. Phys. Chem. Lett. 2017 8 15 3576-3580     
250,250,cadmium stearate,0.0678,0.1,0.013729757,Se powder,0.00395,0.05,0.006864879,2,None,0,0,0,None,0,trioctylphosphine,4.4472,0.6,0.083333333,octadecene,2.7645,None,0,7.28345,45,5.49,TEM,J. Phys. Chem. Lett. 2017 8 15 3576-3580     
250,250,cadmium stearate,0.0678,0.1,0.013729757,Se powder,0.00395,0.05,0.006864879,2,None,0,0,0,None,0,trioctylphosphine,4.4472,0.6,0.083333333,octadecene,2.7645,None,0,7.28345,60,5.55,TEM,J. Phys. Chem. Lett. 2017 8 15 3576-3580     
255,255,cadmium oxide,0.05,0.39,0.16,Se powder,0.01,0.13,0.05,3.1,stearic acid,1.6,5.66,0.07,None,0,tributylphosphine,0.82,2.21,0.06,None,0,None,0,2.48,0.17,2.6,TEM,Colloids and Surfaces A: Physicochemical and Engineering Aspects 2014 461 (1).158-166  
255,255,cadmium oxide,0.05,0.39,0.16,Se powder,0.01,0.13,0.05,3.1,stearic acid,1.6,5.66,0.07,None,0,tributylphosphine,0.82,2.21,0.06,None,0,None,0,2.48,0.34,3.2,TEM,Colloids and Surfaces A: Physicochemical and Engineering Aspects 2014 461 (1).158-166  
255,255,cadmium oxide,0.05,0.39,0.16,Se powder,0.01,0.13,0.05,3.1,stearic acid,1.6,5.66,0.07,None,0,tributylphosphine,0.82,2.21,0.06,None,0,None,0,2.48,0.68,3.6,TEM,Colloids and Surfaces A: Physicochemical and Engineering Aspects 2014 461 (1).158-166  
255,255,cadmium oxide,0.05,0.39,0.16,Se powder,0.01,0.13,0.05,3.1,stearic acid,1.6,5.66,0.07,None,0,tributylphosphine,0.82,2.21,0.06,None,0,None,0,2.48,1,3.9,TEM,Colloids and Surfaces A: Physicochemical and Engineering Aspects 2014 461 (1).158-166  
260,260,cadmium oxide,0.33,2.57,0.13,Se powder,0.23,2.85,0.15,0.9,oleic acid,16.11,57.03,0.04,None,0,trioctylphosphine,2.49,6.74,0.42,None,0,None,0,19.16,0.1,2.25,TEM,Chemical Engineering Journal 2017 320 232-243       
260,260,cadmium oxide,0.33,2.57,0.13,Se powder,0.23,2.85,0.15,0.9,oleic acid,16.11,57.03,0.04,None,0,trioctylphosphine,2.49,6.74,0.42,None,0,None,0,19.16,0.45,3.23,TEM,Chemical Engineering Journal 2017 320 232-243       
260,260,cadmium oxide,0.33,2.57,0.13,Se powder,0.23,2.85,0.15,0.9,oleic acid,16.11,57.03,0.04,None,0,trioctylphosphine,2.49,6.74,0.42,None,0,None,0,19.16,0.82,3.61,TEM,Chemical Engineering Journal 2017 320 232-243       
260,260,cadmium oxide,0.33,2.57,0.13,Se powder,0.23,2.85,0.15,0.9,oleic acid,16.11,57.03,0.04,None,0,trioctylphosphine,2.49,6.74,0.42,None,0,None,0,19.16,1.17,3.86,TEM,Chemical Engineering Journal 2017 320 232-243       
260,260,cadmium oxide,0.33,2.57,0.13,Se powder,0.23,2.85,0.15,0.9,oleic acid,16.11,57.03,0.04,None,0,trioctylphosphine,2.49,6.74,0.42,None,0,None,0,19.16,7.5,4.74,TEM,Chemical Engineering Journal 2017 320 232-243       
280,250,cadmium oxide,0.01,0.1,0.02,Se powder,0.01,0.1,0.02,1,oleic acid,0.27,0.95,0.11,None,0,trioctylphosphine,1.66,4.49,0.02,octadecene,3.95,None,0,5.9,20,3.7,TEM,J. Phys. Chem. C 2011 115 27 13236 - 13241     
320,280,cadmium oxide,0.08,0.65,0.03,Se powder,0.05,0.65,0.03,1,stearic acid,0.9,3.18,0.2,hexadecylamine,9.73,trioctylphosphine,5.19,14.03,0.05,None,0,trioctylphosphine oxide,9.83,25.79,1,3.7,TEM,International Journal of Photoenergy.2012. Article ID 952610      
320,280,cadmium oxide,0.08,0.65,0.03,Se powder,0.05,0.65,0.03,1,stearic acid,0.9,3.18,0.2,hexadecylamine,9.73,trioctylphosphine,5.19,14.03,0.05,None,0,trioctylphosphine oxide,9.83,25.79,0.66,2.9,TEM,International Journal of Photoenergy.2012. Article ID 952610      
320,280,cadmium oxide,0.08,0.65,0.03,Se powder,0.05,0.65,0.03,1,stearic acid,0.9,3.18,0.2,hexadecylamine,9.73,trioctylphosphine,5.19,14.03,0.05,None,0,trioctylphosphine oxide,9.83,25.79,0.33,2.69,TEM,International Journal of Photoenergy.2012. Article ID 952610      
320,280,cadmium oxide,0.08,0.65,0.03,Se powder,0.05,0.65,0.03,1,stearic acid,0.9,3.18,0.2,hexadecylamine,9.73,trioctylphosphine,5.19,14.03,0.05,None,0,trioctylphosphine oxide,9.83,25.79,166,2.39,TEM,International Journal of Photoenergy.2012. Article ID 952610      
230,230,cadmium oxide,0.026,0.2,0.2,Se powder,0.158,2,0.19,1.01,oleic acid,0.1695,0.6,3.33,hexadecylamine,0.145,trioctylphosphine,1.66,4.49,0.44,octadecene,7.89,None,0,10.0485,0.0833,2.22,TEM,Chem. Mater. 2009 21 1743 - 1749        
210,210,cadmium oxide,0.026,0.2,0.2,Se powder,0.158,2,0.19,1.01,oleic acid,0.1695,0.6,3.33,hexadecylamine,0.145,trioctylphosphine,1.66,4.49,0.44,octadecene,7.89,None,0,10.0485,0.0833,1.9,TEM,Chem. Mater. 2009 21 1743 - 1749        
190,190,cadmium oxide,0.026,0.2,0.2,Se powder,0.158,2,0.19,1.01,oleic acid,0.1695,0.6,3.33,hexadecylamine,0.145,trioctylphosphine,1.66,4.49,0.44,octadecene,7.89,None,0,10.0485,0.0833,1.8,TEM,Chem. Mater. 2009 21 1743 - 1749
170,170,cadmium oxide,0.026,0.2,0.2,Se powder,0.158,2,0.19,1.01,oleic acid,0.1695,0.6,3.33,hexadecylamine,0.145,trioctylphosphine,1.66,4.49,0.44,octadecene,7.89,None,0,10.0485,0.0833,1.6,TEM,Chem. Mater. 2009 21 1743 - 1749
245,230,cadmium oxide,0.026,0.2,0.2,Se powder,0.158,2,0.19,1.01,stearic acid,0.1707,0.6,3.33,hexadecylamine,0.145,trioctylphosphine,1.66,4.49,0.44,octadecene,7.89,None,0,10.0497,0.0833,2.15,TEM,Chem. Mater. 2009 21 1743 - 1749
245,230,cadmium oxide,0.026,0.2,0.2,Se powder,0.158,2,0.19,1.01,stearic acid,0.1707,0.6,3.33,hexadecylamine,0.145,trioctylphosphine,1.66,4.49,0.44,octadecene,7.89,None,0,10.0497,0.5,2.35,TEM,Chem. Mater. 2009 21 1743 - 1749
245,230,cadmium oxide,0.026,0.2,0.2,Se powder,0.158,2,0.19,1.01,stearic acid,0.1707,0.6,3.33,hexadecylamine,0.145,trioctylphosphine,1.66,4.49,0.44,octadecene,7.89,None,0,10.0497,2,2.64,TEM,Chem. Mater. 2009 21 1743 - 1749
245,230,cadmium oxide,0.026,0.2,0.2,Se powder,0.158,2,0.19,1.01,stearic acid,0.1707,0.6,3.33,hexadecylamine,0.145,trioctylphosphine,1.66,4.49,0.44,octadecene,7.89,None,0,10.0497,8,2.93,TEM,Chem. Mater. 2009 21 1743 - 1749
245,230,cadmium oxide,0.026,0.2,0.2,Se powder,0.158,2,0.19,1.01,stearic acid,0.1707,0.6,3.33,hexadecylamine,0.145,trioctylphosphine,1.66,4.49,0.44,octadecene,7.89,None,0,10.0497,32,3,TEM,Chem. Mater. 2009 21 1743 - 1749
260,260,cadmium oxide,0.5,3.89,0.23,Se powder,0.11,1.4,0.08,2.78,oleic acid,4,14.16,0.27,None,0,tributylphosphine,2.46,6.64,0.21,octadecene,10,None,0,17.07,0.5,3.57,TEM,Scientific Reports 2016 6 24177        
300,240,dimethylcadmium,1.9,13.35,0.3,Se powder,0.78,9.88,0.22,1.35,None,0,0,0,None,0,trioctylphosphine,20.78,56.1,0.18,None,0,trioctylphosphine oxide,20.78,44.23,5,1.2,TEM,J. Am. Chem. Soc. 1993 115 19 8706 - 8715     
300,240,dimethylcadmium,1.9,13.35,0.3,Se powder,0.78,9.88,0.22,1.35,None,0,0,0,None,0,trioctylphosphine,20.78,56.1,0.18,None,0,trioctylphosphine oxide,20.78,44.23,5.5,1.6,TEM,J. Am. Chem. Soc. 1993 115 19 8706 - 8715     
300,240,dimethylcadmium,1.9,13.35,0.3,Se powder,0.78,9.88,0.22,1.35,None,0,0,0,None,0,trioctylphosphine,20.78,56.1,0.18,None,0,trioctylphosphine oxide,20.78,44.23,6,1.9,TEM,J. Am. Chem. Soc. 1993 115 19 8706 - 8715
300,240,dimethylcadmium,1.9,13.35,0.3,Se powder,0.78,9.88,0.22,1.35,None,0,0,0,None,0,trioctylphosphine,20.78,56.1,0.18,None,0,trioctylphosphine oxide,20.78,44.23,6.5,2.3,TEM,J. Am. Chem. Soc. 1993 115 19 8706 - 8715
300,240,dimethylcadmium,1.9,13.35,0.3,Se powder,0.78,9.88,0.22,1.35,None,0,0,0,None,0,trioctylphosphine,20.78,56.1,0.18,None,0,trioctylphosphine oxide,20.78,44.23,7,3.2,TEM,J. Am. Chem. Soc. 1993 115 19 8706 - 8715
300,240,dimethylcadmium,1.9,13.35,0.3,Se powder,0.78,9.88,0.22,1.35,None,0,0,0,None,0,trioctylphosphine,20.78,56.1,0.18,None,0,trioctylphosphine oxide,20.78,44.23,7.5,3.7,TEM,J. Am. Chem. Soc. 1993 115 19 8706 - 8715
300,240,dimethylcadmium,1.9,13.35,0.3,Se powder,0.78,9.88,0.22,1.35,None,0,0,0,None,0,trioctylphosphine,20.78,56.1,0.18,None,0,trioctylphosphine oxide,20.78,44.23,8,5.3,TEM,J. Am. Chem. Soc. 1993 115 19 8706 - 8715
300,240,dimethylcadmium,1.9,13.35,0.3,Se powder,0.78,9.88,0.22,1.35,None,0,0,0,None,0,trioctylphosphine,20.78,56.1,0.18,None,0,trioctylphosphine oxide,20.78,44.23,8.5,5.1,TEM,J. Am. Chem. Soc. 1993 115 19 8706 - 8715
300,240,dimethylcadmium,1.9,13.35,0.3,Se powder,0.78,9.88,0.22,1.35,None,0,0,0,None,0,trioctylphosphine,20.78,56.1,0.18,None,0,trioctylphosphine oxide,20.78,44.23,9,6.5,TEM,J. Am. Chem. Soc. 1993 115 19 8706 - 8715
300,240,dimethylcadmium,1.9,13.35,0.3,Se powder,0.78,9.88,0.22,1.35,None,0,0,0,None,0,trioctylphosphine,20.78,56.1,0.18,None,0,trioctylphosphine oxide,20.78,44.23,9.5,8.3,TEM,J. Am. Chem. Soc. 1993 115 19 8706 - 8715
300,240,dimethylcadmium,1.9,13.35,0.3,Se powder,0.78,9.88,0.22,1.35,None,0,0,0,None,0,trioctylphosphine,20.78,56.1,0.18,None,0,trioctylphosphine oxide,20.78,44.23,10,11.5,TEM,J. Am. Chem. Soc. 1993 115 19 8706 - 8715
245,230,cadmium oxide,0.26,2,0.2,Se powder,0.16,1.98,0.19,1.01,stearic acid,0.17,0.6,3.31,hexadecylamine,0.08,trioctylphosphine,1.66,4.49,0.44,octadecene,7.89,None,0,10.21,0.08,2.13,TEM,Chem. Mater. 2009 21 8 1743 - 1749   
245,230,cadmium oxide,0.26,2,0.2,Se powder,0.16,1.98,0.19,1.01,oleic acid,0.17,0.6,3.33,hexadecylamine,0.08,trioctylphosphine,1.66,4.49,0.44,octadecene,7.89,None,0,10.21,0.5,2.31,TEM,Chem. Mater. 2009 21 8 1743 - 1749   
245,230,cadmium oxide,0.26,2,0.2,Se powder,0.16,1.98,0.19,1.01,oleic acid,0.17,0.6,3.33,hexadecylamine,0.08,trioctylphosphine,1.66,4.49,0.44,octadecene,7.89,None,0,10.21,2,2.59,TEM,Chem. Mater. 2009 21 8 1743 - 1749   
245,230,cadmium oxide,0.26,2,0.2,Se powder,0.16,1.98,0.19,1.01,oleic acid,0.17,0.6,3.33,hexadecylamine,0.08,trioctylphosphine,1.66,4.49,0.44,octadecene,7.89,None,0,10.21,8,2.84,TEM,Chem. Mater. 2009 21 8 1743 - 1749   
245,230,cadmium oxide,0.26,2,0.2,Se powder,0.16,1.98,0.19,1.01,oleic acid,0.17,0.6,3.33,hexadecylamine,0.08,trioctylphosphine,1.66,4.49,0.44,octadecene,7.89,None,0,10.21,32,2.91,TEM,Chem. Mater. 2009 21 8 1743 - 1749   
300,300,dimethylcadmium,0.19,1.35,0.07,Se powder,0.08,0.99,0.05,1.37,None,0,0,0,hexadecylamine,5,trioctylphosphine,0.83,2.24,0.44,None,0,trioctylphosphine oxide,14.16,20.26,18,3.9,TEM,Nano Letters 2001 1 4 207 - 211       
300,300,dimethylcadmium,0.19,1.35,0.07,Se powder,0.08,0.99,0.05,1.37,None,0,0,0,hexadecylamine,5,trioctylphosphine,0.83,2.24,0.44,None,0,trioctylphosphine oxide,14.16,20.26,50,4.07,TEM,Nano Letters 2001 1 4 207 - 211       
300,300,dimethylcadmium,0.19,1.35,0.07,Se powder,0.08,0.99,0.05,1.37,None,0,0,0,hexadecylamine,5,trioctylphosphine,0.83,2.24,0.44,None,0,trioctylphosphine oxide,14.16,20.26,100,4.19,TEM,Nano Letters 2001 1 4 207 - 211
300,300,dimethylcadmium,0.19,1.35,0.07,Se powder,0.08,0.99,0.05,1.37,None,0,0,0,hexadecylamine,5,trioctylphosphine,0.83,2.24,0.44,None,0,trioctylphosphine oxide,14.16,20.26,150,4.3,TEM,Nano Letters 2001 1 4 207 - 211
300,300,dimethylcadmium,0.19,1.35,0.07,Se powder,0.08,0.99,0.05,1.37,None,0,0,0,hexadecylamine,5,trioctylphosphine,0.83,2.24,0.44,None,0,trioctylphosphine oxide,14.16,20.26,200,4.39,TEM,Nano Letters 2001 1 4 207 - 211
300,300,dimethylcadmium,0.19,1.35,0.07,Se powder,0.08,0.99,0.05,1.37,None,0,0,0,hexadecylamine,5,trioctylphosphine,0.83,2.24,0.44,None,0,trioctylphosphine oxide,14.16,20.26,228,4.9,TEM,Nano Letters 2001 1 4 207 - 211
300,300,dimethylcadmium,0.19,1.35,0.07,Se powder,0.08,0.99,0.05,1.37,None,0,0,0,hexadecylamine,5,trioctylphosphine,0.83,2.24,0.44,None,0,trioctylphosphine oxide,14.16,20.26,250,5.05,TEM,Nano Letters 2001 1 4 207 - 211
300,300,dimethylcadmium,0.19,1.35,0.07,Se powder,0.08,0.99,0.05,1.37,None,0,0,0,hexadecylamine,5,trioctylphosphine,0.83,2.24,0.44,None,0,trioctylphosphine oxide,14.16,20.26,260,5.24,TEM,Nano Letters 2001 1 4 207 - 211
300,300,dimethylcadmium,0.19,1.35,0.07,Se powder,0.08,0.99,0.05,1.37,None,0,0,0,hexadecylamine,5,trioctylphosphine,0.83,2.24,0.44,None,0,trioctylphosphine oxide,14.16,20.26,280,5.38,TEM,Nano Letters 2001 1 4 207 - 211
300,300,dimethylcadmium,0.19,1.35,0.07,Se powder,0.08,0.99,0.05,1.37,None,0,0,0,hexadecylamine,5,trioctylphosphine,0.83,2.24,0.44,None,0,trioctylphosphine oxide,14.16,20.26,300,5.59,TEM,Nano Letters 2001 1 4 207 - 211
300,300,dimethylcadmium,0.19,1.35,0.07,Se powder,0.08,0.99,0.05,1.37,None,0,0,0,hexadecylamine,5,trioctylphosphine,0.83,2.24,0.44,None,0,trioctylphosphine oxide,14.16,20.26,320,5.9,TEM,Nano Letters 2001 1 4 207 - 211
300,300,dimethylcadmium,0.19,1.35,0.07,Se powder,0.08,0.99,0.05,1.37,None,0,0,0,hexadecylamine,5,trioctylphosphine,0.83,2.24,0.44,None,0,trioctylphosphine oxide,14.16,20.26,360,6.64,TEM,Nano Letters 2001 1 4 207 - 211
300,300,dimethylcadmium,0.19,1.35,0.07,Se powder,0.08,0.99,0.05,1.37,None,0,0,0,hexadecylamine,5,trioctylphosphine,0.83,2.24,0.44,None,0,trioctylphosphine oxide,14.16,20.26,440,7.28,TEM,Nano Letters 2001 1 4 207 - 211
300,280,dimethylcadmium,0.14,1,0.03,Se powder,0.39,4.94,0.13,0.2,None,0,0,0,hexadecylamine,10,None,0,0,0,None,0,trioctylphosphine oxide,28.31,38.84,0.5,0.88,TEM,J. Phys. Chem. B 2003 107 2 489 - 496     
300,280,dimethylcadmium,0.14,1,0.03,Se powder,0.39,4.94,0.13,0.2,None,0,0,0,hexadecylamine,10,None,0,0,0,None,0,trioctylphosphine oxide,28.31,38.84,10,0.97,TEM,J. Phys. Chem. B 2003 107 2 489 - 496     
300,280,dimethylcadmium,0.14,1,0.03,Se powder,0.39,4.94,0.13,0.2,None,0,0,0,hexadecylamine,10,None,0,0,0,None,0,trioctylphosphine oxide,28.31,38.84,15,1.08,TEM,J. Phys. Chem. B 2003 107 2 489 - 496
300,280,dimethylcadmium,0.14,1,0.03,Se powder,0.39,4.94,0.13,0.2,None,0,0,0,hexadecylamine,10,None,0,0,0,None,0,trioctylphosphine oxide,28.31,38.84,60,1.26,TEM,J. Phys. Chem. B 2003 107 2 489 - 496
300,280,dimethylcadmium,0.14,1,0.03,Se powder,0.39,4.94,0.13,0.2,None,0,0,0,hexadecylamine,10,None,0,0,0,None,0,trioctylphosphine oxide,28.31,38.84,120,1.26,TEM,J. Phys. Chem. B 2003 107 2 489 - 496
300,240,dimethylcadmium,0.14,1,0.03,Se powder,0.39,4.94,0.13,0.2,None,0,0,0,hexadecylamine,10,None,0,0,0,None,0,trioctylphosphine oxide,28.31,38.84,0.5,0.85,TEM,J. Phys. Chem. B 2003 107 2 489 - 496
300,240,dimethylcadmium,0.14,1,0.03,Se powder,0.39,4.94,0.13,0.2,None,0,0,0,hexadecylamine,10,None,0,0,0,None,0,trioctylphosphine oxide,28.31,38.84,10,0.95,TEM,J. Phys. Chem. B 2003 107 2 489 - 496
300,240,dimethylcadmium,0.14,1,0.03,Se powder,0.39,4.94,0.13,0.2,None,0,0,0,hexadecylamine,10,None,0,0,0,None,0,trioctylphosphine oxide,28.31,38.84,15,1.05,TEM,J. Phys. Chem. B 2003 107 2 489 - 496
300,240,dimethylcadmium,0.14,1,0.03,Se powder,0.39,4.94,0.13,0.2,None,0,0,0,hexadecylamine,10,None,0,0,0,None,0,trioctylphosphine oxide,28.31,38.84,60,1.41,TEM,J. Phys. Chem. B 2003 107 2 489 - 496
300,240,dimethylcadmium,0.14,1,0.03,Se powder,0.39,4.94,0.13,0.2,None,0,0,0,hexadecylamine,10,None,0,0,0,None,0,trioctylphosphine oxide,28.31,38.84,120,1.55,TEM,J. Phys. Chem. B 2003 107 2 489 - 496
250,250,cadmium stearate,0.2,0.3,0.02,Se powder,0.02,0.3,0.02,1.01,None,0,0,0,oleylamine,5,tributylphosphine,4,10.8,0.03,None,0,trioctylphosphine oxide,5,14.23,0.08,1.92,TEM,Chemistry Letters 2005 34 7 1004 - 1005       
250,250,cadmium stearate,0.2,0.3,0.02,Se powder,0.02,0.3,0.02,1.01,None,0,0,0,oleylamine,5,tributylphosphine,4,10.8,0.03,None,0,trioctylphosphine oxide,5,14.23,5,2.87,TEM,Chemistry Letters 2005 34 7 1004 - 1005       
250,250,cadmium stearate,0.2,0.3,0.02,Se powder,0.02,0.3,0.02,1.01,None,0,0,0,oleylamine,5,tributylphosphine,4,10.8,0.03,None,0,trioctylphosphine oxide,5,14.23,15,3.02,TEM,Chemistry Letters 2005 34 7 1004 - 1005
250,250,cadmium stearate,0.2,0.3,0.02,Se powder,0.02,0.3,0.02,1.01,None,0,0,0,oleylamine,5,tributylphosphine,4,10.8,0.03,None,0,trioctylphosphine oxide,5,14.23,30,3.15,TEM,Chemistry Letters 2005 34 7 1004 - 1005
250,250,cadmium stearate,0.2,0.3,0.02,Se powder,0.02,0.3,0.02,1.01,None,0,0,0,oleylamine,5,tributylphosphine,4,10.8,0.03,None,0,trioctylphosphine oxide,5,14.23,60,3.38,TEM,Chemistry Letters 2005 34 7 1004 - 1005
250,250,cadmium stearate,0.2,0.3,0.02,Se powder,0.02,0.3,0.02,1.01,None,0,0,0,oleylamine,5,tributylphosphine,4,10.8,0.03,None,0,trioctylphosphine oxide,5,14.23,180,3.57,TEM,Chemistry Letters 2005 34 7 1004 - 1005
280,280,cadmium oxide,0.1,0.8,0.05,Se powder,0.03,0.4,0.02,2.02,myrstic acid,0.55,1.94,0.41,None,0,None,0,0,0,octadecene,15.78,None,0,16.46,0.03,1.3,TEM,Optical Materials. 2017 66 59 - 64        
280,280,cadmium oxide,0.1,0.8,0.05,Se powder,0.03,0.4,0.02,2.02,myrstic acid,0.55,1.94,0.41,None,0,None,0,0,0,octadecene,15.78,None,0,16.46,0.08,1.7,TEM,Optical Materials. 2017 66 59 - 64        
280,280,cadmium oxide,0.1,0.8,0.05,Se powder,0.03,0.4,0.02,2.02,myrstic acid,0.55,1.94,0.41,None,0,None,0,0,0,octadecene,15.78,None,0,16.46,0.17,2.1,TEM,Optical Materials. 2017 66 59 - 64
280,280,cadmium oxide,0.1,0.8,0.05,Se powder,0.03,0.4,0.02,2.02,myrstic acid,0.55,1.94,0.41,None,0,None,0,0,0,octadecene,15.78,None,0,16.46,0.33,2.5,TEM,Optical Materials. 2017 66 59 - 64
280,280,cadmium oxide,0.1,0.8,0.05,Se powder,0.03,0.4,0.02,2.02,myrstic acid,0.55,1.94,0.41,None,0,None,0,0,0,octadecene,15.78,None,0,16.46,0.5,2.8,TEM,Optical Materials. 2017 66 59 - 64
280,280,cadmium oxide,0.1,0.8,0.05,Se powder,0.03,0.4,0.02,2.02,myrstic acid,0.55,1.94,0.41,None,0,None,0,0,0,octadecene,15.78,None,0,16.46,0.67,2.9,TEM,Optical Materials. 2017 66 59 - 64
280,280,cadmium oxide,0.1,0.8,0.05,Se powder,0.03,0.4,0.02,2.02,myrstic acid,0.55,1.94,0.41,None,0,None,0,0,0,octadecene,15.78,None,0,16.46,0.83,3.1,TEM,Optical Materials. 2017 66 59 - 64
280,280,cadmium oxide,0.1,0.8,0.05,Se powder,0.03,0.4,0.02,2.02,myrstic acid,0.55,1.94,0.41,None,0,None,0,0,0,octadecene,15.78,None,0,16.46,1,3.3,TEM,Optical Materials. 2017 66 59 - 64
280,280,cadmium oxide,0.1,0.8,0.05,Se powder,0.03,0.4,0.02,2.02,myrstic acid,0.55,1.94,0.41,None,0,None,0,0,0,octadecene,15.78,None,0,16.46,3,3.8,TEM,Optical Materials. 2017 66 59 - 64
280,280,cadmium oxide,0.1,0.8,0.05,Se powder,0.03,0.4,0.02,2.02,myrstic acid,0.55,1.94,0.41,None,0,None,0,0,0,octadecene,15.78,None,0,16.46,5,4.2,TEM,Optical Materials. 2017 66 59 - 64
280,280,cadmium oxide,0.1,0.8,0.05,Se powder,0.03,0.4,0.02,2.02,myrstic acid,0.55,1.94,0.41,None,0,None,0,0,0,octadecene,15.78,None,0,16.46,10,4.6,TEM,Optical Materials. 2017 66 59 - 64
280,280,cadmium oxide,0.1,0.8,0.05,Se powder,0.03,0.4,0.02,2.02,myrstic acid,0.55,1.94,0.41,None,0,None,0,0,0,octadecene,15.78,None,0,16.46,40,4.7,TEM,Optical Materials. 2017 66 59 - 64
275,265,cadmium oxide,0.51,4,0.05,Se powder,0.79,9.99,0.13,0.4,oleic acid,4.49,15.9,0.25,None,0,tributylphosphine,2.51,6.77,1.47,octadecene,59.18,tributylphosphine oxide,8.7,76.18,0.1,1.273,absorbance spectra,Nano Lett. 2004 4 12 2303 - 2307       
275,265,cadmium oxide,0.51,4,0.05,Se powder,0.79,9.99,0.13,0.4,oleic acid,4.49,15.9,0.25,None,0,tributylphosphine,2.51,6.77,1.47,octadecene,59.18,tributylphosphine oxide,8.7,76.18,0.2,1.498,absorbance spectra,Nano Lett. 2004 4 12 2303 - 2307       
275,265,cadmium oxide,0.51,4,0.05,Se powder,0.79,9.99,0.13,0.4,oleic acid,4.49,15.9,0.25,None,0,tributylphosphine,2.51,6.77,1.47,octadecene,59.18,tributylphosphine oxide,8.7,76.18,0.25,1.618,absorbance spectra,Nano Lett. 2004 4 12 2303 - 2307
275,265,cadmium oxide,0.51,4,0.05,Se powder,0.79,9.99,0.13,0.4,oleic acid,4.49,15.9,0.25,None,0,tributylphosphine,2.51,6.77,1.47,octadecene,59.18,tributylphosphine oxide,8.7,76.18,0.4,1.71,absorbance spectra,Nano Lett. 2004 4 12 2303 - 2307
275,265,cadmium oxide,0.51,4,0.05,Se powder,0.79,9.99,0.13,0.4,oleic acid,4.49,15.9,0.25,None,0,tributylphosphine,2.51,6.77,1.47,octadecene,59.18,tributylphosphine oxide,8.7,76.18,0.5,1.803,absorbance spectra,Nano Lett. 2004 4 12 2303 - 2307
275,265,cadmium oxide,0.51,4,0.05,Se powder,0.79,9.99,0.13,0.4,oleic acid,4.49,15.9,0.25,None,0,tributylphosphine,2.51,6.77,1.47,octadecene,59.18,tributylphosphine oxide,8.7,76.18,0.75,1.929,absorbance spectra,Nano Lett. 2004 4 12 2303 - 2307
275,265,cadmium oxide,0.51,4,0.05,Se powder,0.79,9.99,0.13,0.4,oleic acid,4.49,15.9,0.25,None,0,tributylphosphine,2.51,6.77,1.47,octadecene,59.18,tributylphosphine oxide,8.7,76.18,1,1.992,absorbance spectra,Nano Lett. 2004 4 12 2303 - 2307
275,265,cadmium oxide,0.51,4,0.05,Se powder,0.79,9.99,0.13,0.4,oleic acid,4.49,15.9,0.25,None,0,tributylphosphine,2.51,6.77,1.47,octadecene,59.18,tributylphosphine oxide,8.7,76.18,1.5,2.085,absorbance spectra,Nano Lett. 2004 4 12 2303 - 2307
275,265,cadmium oxide,0.51,4,0.05,Se powder,0.79,9.99,0.13,0.4,oleic acid,4.49,15.9,0.25,None,0,tributylphosphine,2.51,6.77,1.47,octadecene,59.18,tributylphosphine oxide,8.7,76.18,2,2.141,absorbance spectra,Nano Lett. 2004 4 12 2303 - 2307
275,265,cadmium oxide,0.51,4,0.05,Se powder,0.79,9.99,0.13,0.4,oleic acid,4.49,15.9,0.25,None,0,tributylphosphine,2.51,6.77,1.47,octadecene,59.18,tributylphosphine oxide,8.7,76.18,2.51,2.158,absorbance spectra,Nano Lett. 2004 4 12 2303 - 2307
275,265,cadmium oxide,0.51,4,0.05,Se powder,0.79,9.99,0.13,0.4,oleic acid,4.49,15.9,0.25,None,0,tributylphosphine,2.51,6.77,1.47,octadecene,59.18,tributylphosphine oxide,8.7,76.18,3,2.181,absorbance spectra,Nano Lett. 2004 4 12 2303 - 2307
275,265,cadmium oxide,0.51,4,0.05,Se powder,0.79,9.99,0.13,0.4,oleic acid,4.49,15.9,0.25,None,0,tributylphosphine,2.51,6.77,1.47,octadecene,59.18,tributylphosphine oxide,8.7,76.18,5,2.208,absorbance spectra,Nano Lett. 2004 4 12 2303 - 2307
275,265,cadmium oxide,0.51,4,0.05,Se powder,0.79,9.99,0.13,0.4,oleic acid,3.74,13.25,0.3,None,0,tributylphosphine,2.51,6.77,1.47,octadecene,59.18,tributylphosphine oxide,8.7,75.43,0.1,1.39,absorbance spectra,Nano Lett. 2004 4 12 2303 - 2307
275,265,cadmium oxide,0.51,4,0.05,Se powder,0.79,9.99,0.13,0.4,oleic acid,3.74,13.25,0.3,None,0,tributylphosphine,2.51,6.77,1.47,octadecene,59.18,tributylphosphine oxide,8.7,75.43,0.2,1.55,absorbance spectra,Nano Lett. 2004 4 12 2303 - 2307
275,265,cadmium oxide,0.51,4,0.05,Se powder,0.79,9.99,0.13,0.4,oleic acid,3.74,13.25,0.3,None,0,tributylphosphine,2.51,6.77,1.47,octadecene,59.18,tributylphosphine oxide,8.7,75.43,0.25,1.63,absorbance spectra,Nano Lett. 2004 4 12 2303 - 2307
275,265,cadmium oxide,0.51,4,0.05,Se powder,0.79,9.99,0.13,0.4,oleic acid,3.74,13.25,0.3,None,0,tributylphosphine,2.51,6.77,1.47,octadecene,59.18,tributylphosphine oxide,8.7,75.43,0.4,1.69,absorbance spectra,Nano Lett. 2004 4 12 2303 - 2307
275,265,cadmium oxide,0.51,4,0.05,Se powder,0.79,9.99,0.13,0.4,oleic acid,3.74,13.25,0.3,None,0,tributylphosphine,2.51,6.77,1.47,octadecene,59.18,tributylphosphine oxide,8.7,75.43,0.5,1.73,absorbance spectra,Nano Lett. 2004 4 12 2303 - 2307
275,265,cadmium oxide,0.51,4,0.05,Se powder,0.79,9.99,0.13,0.4,oleic acid,3.74,13.25,0.3,None,0,tributylphosphine,2.51,6.77,1.47,octadecene,59.18,tributylphosphine oxide,8.7,75.43,0.75,1.93,absorbance spectra,Nano Lett. 2004 4 12 2303 - 2307
275,265,cadmium oxide,0.51,4,0.05,Se powder,0.79,9.99,0.13,0.4,oleic acid,3.74,13.25,0.3,None,0,tributylphosphine,2.51,6.77,1.47,octadecene,59.18,tributylphosphine oxide,8.7,75.43,1.25,2.05,absorbance spectra,Nano Lett. 2004 4 12 2303 - 2307
275,265,cadmium oxide,0.51,4,0.05,Se powder,0.79,9.99,0.13,0.4,oleic acid,3.74,13.25,0.3,None,0,tributylphosphine,2.51,6.77,1.47,octadecene,59.18,tributylphosphine oxide,8.7,75.43,1.5,2.06,absorbance spectra,Nano Lett. 2004 4 12 2303 - 2307
275,265,cadmium oxide,0.51,4,0.05,Se powder,0.79,9.99,0.13,0.4,oleic acid,3.74,13.25,0.3,None,0,tributylphosphine,2.51,6.77,1.47,octadecene,59.18,tributylphosphine oxide,8.7,75.43,2,2.07,absorbance spectra,Nano Lett. 2004 4 12 2303 - 2307
275,265,cadmium oxide,0.51,4,0.05,Se powder,0.79,9.99,0.13,0.4,oleic acid,3.74,13.25,0.3,None,0,tributylphosphine,2.51,6.77,1.47,octadecene,59.18,tributylphosphine oxide,8.7,75.43,2.51,2.07,absorbance spectra,Nano Lett. 2004 4 12 2303 - 2307
275,265,cadmium oxide,0.51,4,0.05,Se powder,0.79,9.99,0.13,0.4,oleic acid,3.74,13.25,0.3,None,0,tributylphosphine,2.51,6.77,1.47,octadecene,59.18,tributylphosphine oxide,8.7,75.43,3,2.11,absorbance spectra,Nano Lett. 2004 4 12 2303 - 2307
275,265,cadmium oxide,0.51,4,0.05,Se powder,0.79,9.99,0.13,0.4,oleic acid,3.74,13.25,0.3,None,0,tributylphosphine,2.51,6.77,1.47,octadecene,59.18,tributylphosphine oxide,8.7,75.43,5,2.16,absorbance spectra,Nano Lett. 2004 4 12 2303 - 2307
275,265,cadmium oxide,0.51,4,0.05,Se powder,0.79,9.99,0.13,0.4,oleic acid,2.99,10.6,0.38,None,0,tributylphosphine,2.51,6.77,1.47,octadecene,59.18,tributylphosphine oxide,8.7,74.68,0.1,1.35,absorbance spectra,Nano Lett. 2004 4 12 2303 - 2307
275,265,cadmium oxide,0.51,4,0.05,Se powder,0.79,9.99,0.13,0.4,oleic acid,2.99,10.6,0.38,None,0,tributylphosphine,2.51,6.77,1.47,octadecene,59.18,tributylphosphine oxide,8.7,74.68,0.2,1.52,absorbance spectra,Nano Lett. 2004 4 12 2303 - 2307
275,265,cadmium oxide,0.51,4,0.05,Se powder,0.79,9.99,0.13,0.4,oleic acid,2.99,10.6,0.38,None,0,tributylphosphine,2.51,6.77,1.47,octadecene,59.18,tributylphosphine oxide,8.7,74.68,0.25,1.63,absorbance spectra,Nano Lett. 2004 4 12 2303 - 2307
275,265,cadmium oxide,0.51,4,0.05,Se powder,0.79,9.99,0.13,0.4,oleic acid,2.99,10.6,0.38,None,0,tributylphosphine,2.51,6.77,1.47,octadecene,59.18,tributylphosphine oxide,8.7,74.68,0.4,1.69,absorbance spectra,Nano Lett. 2004 4 12 2303 - 2307
275,265,cadmium oxide,0.51,4,0.05,Se powder,0.79,9.99,0.13,0.4,oleic acid,2.99,10.6,0.38,None,0,tributylphosphine,2.51,6.77,1.47,octadecene,59.18,tributylphosphine oxide,8.7,74.68,0.5,1.76,absorbance spectra,Nano Lett. 2004 4 12 2303 - 2307
275,265,cadmium oxide,0.51,4,0.05,Se powder,0.79,9.99,0.13,0.4,oleic acid,2.99,10.6,0.38,None,0,tributylphosphine,2.51,6.77,1.47,octadecene,59.18,tributylphosphine oxide,8.7,74.68,0.75,1.83,absorbance spectra,Nano Lett. 2004 4 12 2303 - 2307
275,265,cadmium oxide,0.51,4,0.05,Se powder,0.79,9.99,0.13,0.4,oleic acid,2.99,10.6,0.38,None,0,tributylphosphine,2.51,6.77,1.47,octadecene,59.18,tributylphosphine oxide,8.7,74.68,1,1.9,absorbance spectra,Nano Lett. 2004 4 12 2303 - 2307
275,265,cadmium oxide,0.51,4,0.05,Se powder,0.79,9.99,0.13,0.4,oleic acid,2.99,10.6,0.38,None,0,tributylphosphine,2.51,6.77,1.47,octadecene,59.18,tributylphosphine oxide,8.7,74.68,1.5,2,absorbance spectra,Nano Lett. 2004 4 12 2303 - 2307
275,265,cadmium oxide,0.51,4,0.05,Se powder,0.79,9.99,0.13,0.4,oleic acid,2.99,10.6,0.38,None,0,tributylphosphine,2.51,6.77,1.47,octadecene,59.18,tributylphosphine oxide,8.7,74.68,2,2.09,absorbance spectra,Nano Lett. 2004 4 12 2303 - 2307
275,265,cadmium oxide,0.51,4,0.05,Se powder,0.79,9.99,0.13,0.4,oleic acid,2.99,10.6,0.38,None,0,tributylphosphine,2.51,6.77,1.47,octadecene,59.18,tributylphosphine oxide,8.7,74.68,2.51,2.09,absorbance spectra,Nano Lett. 2004 4 12 2303 - 2307
275,265,cadmium oxide,0.51,4,0.05,Se powder,0.79,9.99,0.13,0.4,oleic acid,2.99,10.6,0.38,None,0,tributylphosphine,2.51,6.77,1.47,octadecene,59.18,tributylphosphine oxide,8.7,74.68,3,2.13,absorbance spectra,Nano Lett. 2004 4 12 2303 - 2307
275,265,cadmium oxide,0.51,4,0.05,Se powder,0.79,9.99,0.13,0.4,oleic acid,2.99,10.6,0.38,None,0,tributylphosphine,2.51,6.77,1.47,octadecene,59.18,tributylphosphine oxide,8.7,74.68,5,2.18,absorbance spectra,Nano Lett. 2004 4 12 2303 - 2307
320,320,cadmium oxide,0.03,0.2,0.01,Se powder,0.04,0.5,0.02,0.4,stearic acid,0.23,0.81,0.25,None,0,None,0,0,0,octadecene,19.73,None,0,20.02,15,3,TEM,J. Mater. Chem. A. 2014 2 6879 - 6886      
70,170,cadmium acetate,0.13,0.56,0.03,Se powder,0.01,0.18,0.01,3.04,oleic acid,0.9,3.17,0.18,None,0,tributylphosphine,0.16,0.44,0.41,phenyl ether,14.98,0,0,16.18,3,2.1208,absorbance spectra,Colloids and Surfaces A: Physicochem. Eng. Aspects 2006 272 111 - 116   
70,170,cadmium acetate,0.13,0.56,0.03,Se powder,0.01,0.18,0.01,3.04,oleic acid,0.9,3.17,0.18,None,0,tributylphosphine,0.16,0.44,0.41,phenyl ether,14.98,0,0,16.18,7,2.25,absorbance spectra,Colloids and Surfaces A: Physicochem. Eng. Aspects 2006 272 111 - 116   
70,170,cadmium acetate,0.13,0.56,0.03,Se powder,0.01,0.18,0.01,3.04,oleic acid,0.9,3.17,0.18,None,0,tributylphosphine,0.16,0.44,0.41,phenyl ether,14.98,0,0,16.18,16,2.299,absorbance spectra,Colloids and Surfaces A: Physicochem. Eng. Aspects 2006 272 111 - 116
70,170,cadmium acetate,0.13,0.56,0.03,Se powder,0.01,0.18,0.01,3.04,oleic acid,0.9,3.17,0.18,None,0,tributylphosphine,0.16,0.44,0.41,phenyl ether,14.98,0,0,16.18,24,2.4065,absorbance spectra,Colloids and Surfaces A: Physicochem. Eng. Aspects 2006 272 111 - 116
70,170,cadmium acetate,0.13,0.56,0.03,Se powder,0.01,0.18,0.01,3.04,oleic acid,0.9,3.17,0.18,None,0,tributylphosphine,0.16,0.44,0.41,phenyl ether,14.98,0,0,16.18,36,2.4527,absorbance spectra,Colloids and Surfaces A: Physicochem. Eng. Aspects 2006 272 111 - 116
70,170,cadmium acetate,0.13,0.56,0.03,Se powder,0.01,0.18,0.01,3.04,oleic acid,0.9,3.17,0.18,None,0,tributylphosphine,0.16,0.44,0.41,phenyl ether,14.98,0,0,16.18,50,2.4664,absorbance spectra,Colloids and Surfaces A: Physicochem. Eng. Aspects 2006 272 111 - 116
70,140,cadmium acetate,0.13,0.56,0.03,Se powder,0.01,0.18,0.01,3.04,oleic acid,0.9,3.17,0.18,None,0,tributylphosphine,0.16,0.44,0.41,phenyl ether,14.98,0,0,16.18,3,1.9138,absorbance spectra,Colloids and Surfaces A: Physicochem. Eng. Aspects 2006 272 111 - 116
70,140,cadmium acetate,0.13,0.56,0.03,Se powder,0.01,0.18,0.01,3.04,oleic acid,0.9,3.17,0.18,None,0,tributylphosphine,0.16,0.44,0.41,phenyl ether,14.98,0,0,16.18,7,2.0272,absorbance spectra,Colloids and Surfaces A: Physicochem. Eng. Aspects 2006 272 111 - 116
70,140,cadmium acetate,0.13,0.56,0.03,Se powder,0.01,0.18,0.01,3.04,oleic acid,0.9,3.17,0.18,None,0,tributylphosphine,0.16,0.44,0.41,phenyl ether,14.98,0,0,16.18,16,2.1516,absorbance spectra,Colloids and Surfaces A: Physicochem. Eng. Aspects 2006 272 111 - 116
70,140,cadmium acetate,0.13,0.56,0.03,Se powder,0.01,0.18,0.01,3.04,oleic acid,0.9,3.17,0.18,None,0,tributylphosphine,0.16,0.44,0.41,phenyl ether,14.98,0,0,16.18,24,2.2015,absorbance spectra,Colloids and Surfaces A: Physicochem. Eng. Aspects 2006 272 111 - 116
70,140,cadmium acetate,0.13,0.56,0.03,Se powder,0.01,0.18,0.01,3.04,oleic acid,0.9,3.17,0.18,None,0,tributylphosphine,0.16,0.44,0.41,phenyl ether,14.98,0,0,16.18,36,2.2939,absorbance spectra,Colloids and Surfaces A: Physicochem. Eng. Aspects 2006 272 111 - 116
70,140,cadmium acetate,0.13,0.56,0.03,Se powder,0.01,0.18,0.01,3.04,oleic acid,0.9,3.17,0.18,None,0,tributylphosphine,0.16,0.44,0.41,phenyl ether,14.98,0,0,16.18,50,2.3523,absorbance spectra,Colloids and Surfaces A: Physicochem. Eng. Aspects 2006 272 111 - 116
70,110,cadmium acetate,0.13,0.56,0.03,Se powder,0.01,0.18,0.01,3.04,oleic acid,0.9,3.17,0.18,None,0,tributylphosphine,0.16,0.44,0.41,phenyl ether,14.98,0,0,16.18,3,1.37,absorbance spectra,Colloids and Surfaces A: Physicochem. Eng. Aspects 2006 272 111 - 116
70,110,cadmium acetate,0.13,0.56,0.03,Se powder,0.01,0.18,0.01,3.04,oleic acid,0.9,3.17,0.18,None,0,tributylphosphine,0.16,0.44,0.41,phenyl ether,14.98,0,0,16.18,7,1.7075,absorbance spectra,Colloids and Surfaces A: Physicochem. Eng. Aspects 2006 272 111 - 116
70,110,cadmium acetate,0.13,0.56,0.03,Se powder,0.01,0.18,0.01,3.04,oleic acid,0.9,3.17,0.18,None,0,tributylphosphine,0.16,0.44,0.41,phenyl ether,14.98,0,0,16.18,16,1.9458,absorbance spectra,Colloids and Surfaces A: Physicochem. Eng. Aspects 2006 272 111 - 116
70,110,cadmium acetate,0.13,0.56,0.03,Se powder,0.01,0.18,0.01,3.04,oleic acid,0.9,3.17,0.18,None,0,tributylphosphine,0.16,0.44,0.41,phenyl ether,14.98,0,0,16.18,24,2.0144,absorbance spectra,Colloids and Surfaces A: Physicochem. Eng. Aspects 2006 272 111 - 116
70,110,cadmium acetate,0.13,0.56,0.03,Se powder,0.01,0.18,0.01,3.04,oleic acid,0.9,3.17,0.18,None,0,tributylphosphine,0.16,0.44,0.41,phenyl ether,14.98,0,0,16.18,36,2.0673,absorbance spectra,Colloids and Surfaces A: Physicochem. Eng. Aspects 2006 272 111 - 116
70,110,cadmium acetate,0.13,0.56,0.03,Se powder,0.01,0.18,0.01,3.04,oleic acid,0.9,3.17,0.18,None,0,tributylphosphine,0.16,0.44,0.41,phenyl ether,14.98,0,0,16.18,50,2.0995,absorbance spectra,Colloids and Surfaces A: Physicochem. Eng. Aspects 2006 272 111 - 116
300,230,cadmium oxide,0.06,0.47,0.02,Se powder,0.04,0.47,0.02,1,oleic acid,1.49,5.27,0.09,None,0,trioctylphosphine,1.16,3.13,0.15,octadecene,17.2,phosphonic acid,0.6,20.55,0.17,2.4731,absorbance spectra,J. Phys. Chem. B 2005 109 44 20665 - 20668     
300,230,cadmium oxide,0.06,0.47,0.02,Se powder,0.04,0.47,0.02,1,oleic acid,1.49,5.27,0.09,None,0,trioctylphosphine,1.16,3.13,0.15,octadecene,17.2,phosphonic acid,0.6,20.55,0.5,2.9895,absorbance spectra,J. Phys. Chem. B 2005 109 44 20665 - 20668     
300,230,cadmium oxide,0.06,0.47,0.02,Se powder,0.04,0.47,0.02,1,oleic acid,1.49,5.27,0.09,None,0,trioctylphosphine,1.16,3.13,0.15,octadecene,17.2,phosphonic acid,0.6,20.55,1,3.3729,absorbance spectra,J. Phys. Chem. B 2005 109 44 20665 - 20668
300,230,cadmium oxide,0.06,0.47,0.02,Se powder,0.04,0.47,0.02,1,oleic acid,1.49,5.27,0.09,None,0,trioctylphosphine,1.16,3.13,0.15,octadecene,17.2,phosphonic acid,0.6,20.55,3,3.6857,absorbance spectra,J. Phys. Chem. B 2005 109 44 20665 - 20668
300,230,cadmium oxide,0.06,0.47,0.02,Se powder,0.04,0.47,0.02,1,oleic acid,1.49,5.27,0.09,None,0,trioctylphosphine,1.16,3.13,0.15,octadecene,17.2,phosphonic acid,0.6,20.55,5,3.8215,absorbance spectra,J. Phys. Chem. B 2005 109 44 20665 - 20668
300,230,cadmium oxide,0.06,0.47,0.02,Se powder,0.04,0.47,0.02,1,oleic acid,1.49,5.27,0.09,None,0,trioctylphosphine,1.16,3.13,0.15,octadecene,17.2,phosphonic acid,0.6,20.55,10,3.8785,absorbance spectra,J. Phys. Chem. B 2005 109 44 20665 - 20668
300,230,cadmium oxide,0.06,0.47,0.02,Se powder,0.04,0.47,0.02,1,oleic acid,1.49,5.27,0.09,None,0,trioctylphosphine,1.16,3.13,0.15,octadecene,17.2,phosphonic acid,0.6,20.55,20,4.0901,absorbance spectra,J. Phys. Chem. B 2005 109 44 20665 - 20668
300,230,cadmium oxide,0.06,0.47,0.02,Se powder,0.04,0.47,0.02,1,oleic acid,1.49,5.27,0.09,None,0,None,0,0,0,octadecene,18.3,phosphonic acid,0.6,20.49,0.17,2.34,absorbance spectra,J. Phys. Chem. B 2005 109 44 20665 - 20668
300,230,cadmium oxide,0.06,0.47,0.02,Se powder,0.04,0.47,0.02,1,oleic acid,1.49,5.27,0.09,None,0,None,0,0,0,octadecene,18.3,phosphonic acid,0.6,20.49,0.5,2.7943,absorbance spectra,J. Phys. Chem. B 2005 109 44 20665 - 20668
300,230,cadmium oxide,0.06,0.47,0.02,Se powder,0.04,0.47,0.02,1,oleic acid,1.49,5.27,0.09,None,0,None,0,0,0,octadecene,18.3,phosphonic acid,0.6,20.49,1,2.9968,absorbance spectra,J. Phys. Chem. B 2005 109 44 20665 - 20668
300,230,cadmium oxide,0.06,0.47,0.02,Se powder,0.04,0.47,0.02,1,oleic acid,1.49,5.27,0.09,None,0,None,0,0,0,octadecene,18.3,phosphonic acid,0.6,20.49,5,3.161,absorbance spectra,J. Phys. Chem. B 2005 109 44 20665 - 20668
300,230,cadmium oxide,0.06,0.47,0.02,Se powder,0.04,0.47,0.02,1,oleic acid,1.49,5.27,0.09,None,0,None,0,0,0,octadecene,18.3,phosphonic acid,0.6,20.49,20,3.4157,absorbance spectra,J. Phys. Chem. B 2005 109 44 20665 - 20668
300,230,cadmium oxide,0.06,0.47,0.02,Se powder,0.04,0.47,0.02,1,oleic acid,1.49,5.27,0.09,None,0,None,0,0,0,octadecene,27.9,None,0,29.49,0.17,2.5094,absorbance spectra,J. Phys. Chem. B 2005 109 44 20665 - 20668
300,230,cadmium oxide,0.06,0.47,0.02,Se powder,0.04,0.47,0.02,1,oleic acid,1.49,5.27,0.09,None,0,None,0,0,0,octadecene,27.9,None,0,29.49,0.5,2.9639,absorbance spectra,J. Phys. Chem. B 2005 109 44 20665 - 20668
300,230,cadmium oxide,0.06,0.47,0.02,Se powder,0.04,0.47,0.02,1,oleic acid,1.49,5.27,0.09,None,0,None,0,0,0,octadecene,27.9,None,0,29.49,1,3.2593,absorbance spectra,J. Phys. Chem. B 2005 109 44 20665 - 20668
300,230,cadmium oxide,0.06,0.47,0.02,Se powder,0.04,0.47,0.02,1,oleic acid,1.49,5.27,0.09,None,0,None,0,0,0,octadecene,27.9,None,0,29.49,3,3.6297,absorbance spectra,J. Phys. Chem. B 2005 109 44 20665 - 20668
300,230,cadmium oxide,0.06,0.47,0.02,Se powder,0.04,0.47,0.02,1,oleic acid,1.49,5.27,0.09,None,0,None,0,0,0,octadecene,27.9,None,0,29.49,5,3.7911,absorbance spectra,J. Phys. Chem. B 2005 109 44 20665 - 20668
300,230,cadmium oxide,0.06,0.47,0.02,Se powder,0.04,0.47,0.02,1,oleic acid,1.49,5.27,0.09,None,0,None,0,0,0,octadecene,27.9,None,0,29.49,10,3.9063,absorbance spectra,J. Phys. Chem. B 2005 109 44 20665 - 20668
300,230,cadmium oxide,0.06,0.47,0.02,Se powder,0.04,0.47,0.02,1,oleic acid,1.49,5.27,0.09,None,0,None,0,0,0,octadecene,27.9,None,0,29.49,20,4.0278,absorbance spectra,J. Phys. Chem. B 2005 109 44 20665 - 20668
330,330,cadmium oxide,0.128,1,0.06,Se powder,0.1579,2,0.12,0.5,dodecylphosphonic acid,0.5,2,0.12,hexadecylamine,4,tributylphosphine,6.1,30.15,0.0663,None,0,trioctylphosphine oxide,6,16.89,0.13,1.7,TEM,J. Am. Chem. Soc. 2012 134 19 8006 - 8009     
230,230,cadmium oxide,0.51,3.97,0.04,Se powder,0.1579,2,0.02,1.99,oleic acid,7,24.78,0.26,None,0,trioctylphosphine,0.72,1.94,1.0309,octadecene,88.7,None,0,97.09,0.66,2.3,TEM,Chem. Mater. 2016 28 3 962 - 968       
230,230,cadmium oxide,0.51,3.97,0.04,Se powder,0.1579,2,0.02,1.99,oleic acid,7,24.78,0.26,None,0,trioctylphosphine,0.72,1.94,1.0309,octadecene,88.7,None,0,97.09,20,2.7,TEM,Chem. Mater. 2016 28 3 962 - 968       
230,230,cadmium oxide,0.51,3.97,0.04,Se powder,0.1579,2,0.02,1.99,oleic acid,7,24.78,0.26,None,0,trioctylphosphine,0.72,1.94,1.0309,octadecene,88.7,None,0,97.09,30,2.9,TEM,Chem. Mater. 2016 28 3 962 - 968       
230,230,cadmium oxide,0.51,3.97,0.04,Se powder,0.1579,2,0.02,1.99,oleic acid,7,24.78,0.26,None,0,trioctylphosphine,0.72,1.94,1.0309,octadecene,88.7,None,0,97.09,40,3.5,TEM,Chem. Mater. 2016 28 3 962 - 968       
230,230,cadmium oxide,0.51,3.97,0.04,Se powder,0.1579,2,0.02,1.99,oleic acid,7,24.78,0.26,None,0,trioctylphosphine,0.72,1.94,1.0309,octadecene,88.7,None,0,97.09,50,4.5,TEM,Chem. Mater. 2016 28 3 962 - 968       
220,290,cadmium oxide,0.013,0.1,0.01,Se powder,0.008,0.1013,0.01,1,oleic acid,1.31,4.64,0.38,None,0,trioctylphosphine,1,2.7,0.0375,octadecene,9.91,None,0,12.24,0.083,2.28,TEM,J. Phys. Chem. C 2008 112 46 17849 - 17854     
220,290,cadmium oxide,0.013,0.1,0.01,Se powder,0.008,0.1013,0.01,1,oleic acid,1.31,4.64,0.38,None,0,trioctylphosphine,1,2.7,0.0375,octadecene,9.91,None,0,12.24,0.166,2.72,TEM,J. Phys. Chem. C 2008 112 46 17849 - 17854     
220,290,cadmium oxide,0.013,0.1,0.01,Se powder,0.008,0.1013,0.01,1,oleic acid,1.31,4.64,0.38,None,0,trioctylphosphine,1,2.7,0.0375,octadecene,9.91,None,0,12.24,0.25,2.85,TEM,J. Phys. Chem. C 2008 112 46 17849 - 17854     
220,290,cadmium oxide,0.013,0.1,0.01,Se powder,0.008,0.1013,0.01,1,oleic acid,1.31,4.64,0.38,None,0,trioctylphosphine,1,2.7,0.0375,octadecene,9.91,None,0,12.24,1,3.28,TEM,J. Phys. Chem. C 2008 112 46 17849 - 17854     
220,290,cadmium oxide,0.013,0.1,0.01,Se powder,0.008,0.1013,0.01,1,oleic acid,1.31,4.64,0.38,None,0,trioctylphosphine,1,2.7,0.0375,octadecene,9.91,None,0,12.24,3,3.33,TEM,J. Phys. Chem. C 2008 112 46 17849 - 17854     
220,290,cadmium oxide,0.013,0.1,0.01,Se powder,0.008,0.1013,0.01,1,oleic acid,1.31,4.64,0.38,None,0,trioctylphosphine,1,2.7,0.0375,octadecene,9.91,None,0,12.24,8,3.62,TEM,J. Phys. Chem. C 2008 112 46 17849 - 17854     
230,230,cadmium oxide,0.51,3.97,0.0367,Se powder,0.1,1.3,0.012,3.0538,oleic acid,5.54,19.6,0.2026,None,0,trioctylphosphine,0.5,1.35,0.963,octadecene,101.4,None,0,108.05,1.5,2.5,TEM,Appl. Phys. Lett. 2009 94 153115       
250,250,cadmium oxide,0.51,3.97,0.0367,Se powder,0.1,1.3,0.012,3.0538,oleic acid,5.54,19.6,0.2026,None,0,trioctylphosphine,0.5,1.35,0.963,octadecene,101.4,None,0,108.05,1.5,3,TEM,Appl. Phys. Lett. 2009 94 153115       
270,270,cadmium oxide,0.51,3.97,0.0367,Se powder,0.1,1.3,0.012,3.0538,oleic acid,5.54,19.6,0.2026,None,0,trioctylphosphine,0.5,1.35,0.963,octadecene,101.4,None,0,108.05,1.5,4,TEM,Appl. Phys. Lett. 2009 94 153115       
290,290,cadmium oxide,0.51,3.97,0.0367,Se powder,0.1,1.3,0.012,3.0538,oleic acid,5.54,19.6,0.2026,None,0,trioctylphosphine,0.5,1.35,0.963,octadecene,101.4,None,0,108.05,1.5,4.5,TEM,Appl. Phys. Lett. 2009 94 153115       
320,290,cadmium oxide,0.013,0.1,0.0167,Se powder,0.079,1,0.1665,0.1,stearic acid,0.114,0.4,0.25,dioctylamine/hexadecylamine,3.621,tributylphosphine,0.238,1.18,0.8475,trioctylphosphine oxide,1.94,None,0,6.0047,0.083,2.28,TEM,J. Am. Chem. Soc. 2002 124 9 2049 - 2055     
320,290,cadmium oxide,0.013,0.1,0.0167,Se powder,0.079,1,0.1665,0.1,stearic acid,0.114,0.4,0.25,dioctylamine/hexadecylamine,3.621,tributylphosphine,0.238,1.18,0.8475,trioctylphosphine oxide,1.94,None,0,6.0047,0.383,3.02,TEM,J. Am. Chem. Soc. 2002 124 9 2049 - 2055     
320,290,cadmium oxide,0.013,0.1,0.0167,Se powder,0.079,1,0.1665,0.1,stearic acid,0.114,0.4,0.25,dioctylamine/hexadecylamine,3.621,tributylphosphine,0.238,1.18,0.8475,trioctylphosphine oxide,1.94,None,0,6.0047,0.75,3.66,TEM,J. Am. Chem. Soc. 2002 124 9 2049 - 2055
320,290,cadmium oxide,0.013,0.1,0.0167,Se powder,0.079,1,0.1665,0.1,stearic acid,0.114,0.4,0.25,dioctylamine/hexadecylamine,3.621,tributylphosphine,0.238,1.18,0.8475,trioctylphosphine oxide,1.94,None,0,6.0047,2.5,4.86,TEM,J. Am. Chem. Soc. 2002 124 9 2049 - 2055
320,290,cadmium oxide,0.013,0.1,0.0167,Se powder,0.079,1,0.1665,0.1,stearic acid,0.114,0.4,0.25,dioctylamine/hexadecylamine,3.621,tributylphosphine,0.238,1.18,0.8475,trioctylphosphine oxide,1.94,None,0,6.0047,6.167,5.11,TEM,J. Am. Chem. Soc. 2002 124 9 2049 - 2055
320,290,cadmium oxide,0.013,0.1,0.0167,Se powder,0.079,1,0.1665,0.1,stearic acid,0.114,0.4,0.25,dioctylamine/hexadecylamine,3.621,tributylphosphine,0.238,1.18,0.8475,trioctylphosphine oxide,1.94,None,0,6.0047,10.167,5.16,TEM,J. Am. Chem. Soc. 2002 124 9 2049 - 2055
245,230,cadmium oxide,0.026,0.2,0.025,Se powder,0.0158,0.2,0.025,1,oleic acid,0.226,0.8,0.25,hexadecylamine,0.386,trioctylphosphine,2.406,6.49,0.0308,octadecene,4.9406,None,0,8,8,3.1,TEM,J. Am. Chem. Soc. 2002 124 9 2049 - 2055
245,230,cadmium oxide,0.026,0.2,0.025,Se powder,0.0158,0.2,0.025,1,oleic acid,0.226,0.8,0.25,hexadecylamine,0.386,trioctylphosphine,2.406,6.49,0.0308,octadecene,4.8666,trioctylphosphine oxide,0.074,8,8,3.15,TEM,J. Am. Chem. Soc. 2002 124 9 2049 - 2055
245,230,cadmium oxide,0.026,0.2,0.025,Se powder,0.0158,0.2,0.025,1,oleic acid,0.226,0.8,0.25,hexadecylamine,0.386,trioctylphosphine,2.406,6.49,0.0308,octadecene,4.9036,trioctylphosphine oxide,0.037,8,8,3.15,TEM,J. Am. Chem. Soc. 2002 124 9 2049 - 2055
245,230,cadmium oxide,0.026,0.2,0.025,Se powder,0.0158,0.2,0.025,1,oleic acid,0.226,0.8,0.25,hexadecylamine,0.386,trioctylphosphine,2.406,6.49,0.0308,octadecene,4.9221,trioctylphosphine oxide,0.0185,8,8,3.23,TEM,J. Am. Chem. Soc. 2002 124 9 2049 - 2055
245,230,cadmium oxide,0.026,0.2,0.025,Se powder,0.0158,0.2,0.025,1,oleic acid,0.226,0.8,0.25,hexadecylamine,0.386,trioctylphosphine,2.406,6.49,0.0308,octadecene,4.9316,trioctylphosphine oxide,0.009,8,8,3.25,TEM,J. Am. Chem. Soc. 2002 124 9 2049 - 2055
245,230,cadmium oxide,0.026,0.2,0.025,Se powder,0.0158,0.2,0.025,1,oleic acid,0.226,0.8,0.25,hexadecylamine,0.386,trioctylphosphine,2.406,6.49,0.0308,octadecene,4.9366,trioctylphosphine oxide,0.004,8,8,3.34,TEM,J. Am. Chem. Soc. 2002 124 9 2049 - 2055
245,230,cadmium oxide,0.026,0.2,0.025,Se powder,0.0158,0.2,0.025,1,oleic acid,0.226,0.8,0.25,hexadecylamine,0.386,trioctylphosphine,2.406,6.49,0.0308,octadecene,4.9406,None,0,8,8,3.1,TEM,J. Am. Chem. Soc. 2002 124 9 2049 - 2055
245,230,cadmium oxide,0.026,0.2,0.025,Se powder,0.0158,0.2,0.025,1,oleic acid,0.226,0.8,0.25,hexadecylamine,0.386,trioctylphosphine,2.406,6.49,0.0308,octadecene,4.9006,tributylphosphine oxide,0.04,8,8,3.12,TEM,J. Am. Chem. Soc. 2002 124 9 2049 - 2055
245,230,cadmium oxide,0.026,0.2,0.025,Se powder,0.0158,0.2,0.025,1,oleic acid,0.226,0.8,0.25,hexadecylamine,0.386,trioctylphosphine,2.406,6.49,0.0308,octadecene,4.9206,tributylphosphine oxide,0.02,8,8,3.19,TEM,J. Am. Chem. Soc. 2002 124 9 2049 - 2055
245,230,cadmium oxide,0.026,0.2,0.025,Se powder,0.0158,0.2,0.025,1,oleic acid,0.226,0.8,0.25,hexadecylamine,0.386,trioctylphosphine,2.406,6.49,0.0308,octadecene,4.9306,tributylphosphine oxide,0.01,8,8,3.26,TEM,J. Am. Chem. Soc. 2002 124 9 2049 - 2055
245,230,cadmium oxide,0.026,0.2,0.025,Se powder,0.0158,0.2,0.025,1,oleic acid,0.226,0.8,0.25,hexadecylamine,0.386,trioctylphosphine,2.406,6.49,0.0308,octadecene,4.9356,tributylphosphine oxide,0.005,8,8,3.58,TEM,J. Am. Chem. Soc. 2002 124 9 2049 - 2055
245,230,cadmium oxide,0.026,0.2,0.025,Se powder,0.0158,0.2,0.025,1,oleic acid,0.226,0.8,0.25,hexadecylamine,0.386,trioctylphosphine,2.406,6.49,0.0308,octadecene,4.9386,tributylphosphine oxide,0.002,8,8,4,TEM,J. Am. Chem. Soc. 2002 124 9 2049 - 2055
300,300,cadmium oxide,0.032,0.25,0.0309,Se powder,0.0198,0.25,0.0309,1,stearic acid,0.2489,0.875,0.2857,hexadecylamine,3.622,trioctylphosphine,0.3,0.81,0.3086,None,0,trioctylphosphine oxide,3.866,8.0888,2,5.91,TEM,J. Nanosci. Nanotechnol. 2010 10 9 6041 - 6045      
300,300,cadmium oxide,0.032,0.25,0.0309,Se powder,0.0198,0.25,0.0309,1,stearic acid,0.2489,0.875,0.2857,hexadecylamine,3.622,trioctylphosphine,0.3,0.81,0.3086,None,0,trioctylphosphine oxide,3.866,8.0888,3,6.44,TEM,J. Nanosci. Nanotechnol. 2010 10 9 6041 - 6045      
300,300,cadmium oxide,0.032,0.25,0.0309,Se powder,0.0198,0.25,0.0309,1,stearic acid,0.2489,0.875,0.2857,hexadecylamine,3.622,trioctylphosphine,0.3,0.81,0.3086,None,0,trioctylphosphine oxide,3.866,8.0888,4,7.03,TEM,J. Nanosci. Nanotechnol. 2010 10 9 6041 - 6045
300,300,cadmium oxide,0.032,0.25,0.0309,Se powder,0.0198,0.25,0.0309,1,stearic acid,0.2489,0.875,0.2857,hexadecylamine,3.622,trioctylphosphine,0.3,0.81,0.3086,None,0,trioctylphosphine oxide,3.866,8.0888,5,7.34,TEM,J. Nanosci. Nanotechnol. 2010 10 9 6041 - 6045
300,300,cadmium oxide,0.032,0.25,0.0309,Se powder,0.0198,0.25,0.0309,1,stearic acid,0.2489,0.875,0.2857,hexadecylamine,3.622,trioctylphosphine,0.3,0.81,0.3086,None,0,trioctylphosphine oxide,3.866,8.0888,7.5,7.85,TEM,J. Nanosci. Nanotechnol. 2010 10 9 6041 - 6045
300,300,cadmium oxide,0.032,0.25,0.0309,Se powder,0.0198,0.25,0.0309,1,stearic acid,0.2489,0.875,0.2857,hexadecylamine,3.622,trioctylphosphine,0.3,0.81,0.3086,None,0,trioctylphosphine oxide,3.866,8.0888,10,8.21,TEM,J. Nanosci. Nanotechnol. 2010 10 9 6041 - 6045
300,300,cadmium oxide,0.032,0.25,0.0309,Se powder,0.0198,0.25,0.0309,1,stearic acid,0.2489,0.875,0.2857,hexadecylamine,3.622,trioctylphosphine,0.3,0.81,0.3086,None,0,trioctylphosphine oxide,3.866,8.0888,12,8.49,TEM,J. Nanosci. Nanotechnol. 2010 10 9 6041 - 6045
300,300,cadmium oxide,0.032,0.25,0.0309,Se powder,0.0198,0.25,0.0309,1,stearic acid,0.2489,0.875,0.2857,hexadecylamine,3.622,trioctylphosphine,0.3,0.81,0.3086,None,0,trioctylphosphine oxide,3.866,8.0888,15,8.78,TEM,J. Nanosci. Nanotechnol. 2010 10 9 6041 - 6045
300,300,cadmium oxide,0.032,0.25,0.0309,Se powder,0.0198,0.25,0.0309,1,stearic acid,0.2489,0.875,0.2857,hexadecylamine,3.622,trioctylphosphine,0.3,0.81,0.3086,None,0,trioctylphosphine oxide,3.866,8.0888,20,8.78,TEM,J. Nanosci. Nanotechnol. 2010 10 9 6041 - 6045
300,300,cadmium oxide,0.032,0.25,0.0309,Se powder,0.0198,0.25,0.0309,1,stearic acid,0.2489,0.875,0.2857,hexadecylamine,3.622,trioctylphosphine,0.3,0.81,0.3086,None,0,trioctylphosphine oxide,3.866,8.0888,25,8.98,TEM,J. Nanosci. Nanotechnol. 2010 10 9 6041 - 6045
300,300,cadmium oxide,0.032,0.25,0.0309,Se powder,0.0198,0.25,0.0309,1,stearic acid,0.2489,0.875,0.2857,hexadecylamine,3.622,trioctylphosphine,0.3,0.81,0.3086,None,0,trioctylphosphine oxide,3.866,8.0888,30,9.08,TEM,J. Nanosci. Nanotechnol. 2010 10 9 6041 - 6045
300,300,cadmium oxide,0.032,0.25,0.0309,Se powder,0.0198,0.25,0.0309,1,stearic acid,0.2489,0.875,0.2857,hexadecylamine,3.622,trioctylphosphine,0.3,0.81,0.3086,None,0,trioctylphosphine oxide,3.866,8.0888,45,9.18,TEM,J. Nanosci. Nanotechnol. 2010 10 9 6041 - 6045
300,300,cadmium oxide,0.032,0.25,0.0309,Se powder,0.0198,0.25,0.0309,1,stearic acid,0.2489,0.875,0.2857,hexadecylamine,3.622,trioctylphosphine,0.3,0.81,0.3086,None,0,trioctylphosphine oxide,3.866,8.0888,60,9.29,TEM,J. Nanosci. Nanotechnol. 2010 10 9 6041 - 6045
300,300,cadmium oxide,0.032,0.25,0.0309,Se powder,0.0198,0.25,0.0309,1,stearic acid,0.2489,0.875,0.2857,hexadecylamine,3.622,trioctylphosphine,0.3,0.81,0.3086,None,0,trioctylphosphine oxide,3.866,8.0888,120,9.39,TEM,J. Nanosci. Nanotechnol. 2010 10 9 6041 - 6045
300,280,cadmium oxide,0.064,0.5,0.0239,Se powder,0.1185,1.5,0.0717,0.3333,stearic acid,0.569,2,0.25,hexadecylamine,9.6584,trioctylphosphine,0.85,2.3,0.6522,None,0,trioctylphosphine oxide,9.665,20.9251,0.0166,1.14,TEM,J. Phys. Chem. C 2009 113 1 31 - 36     
300,280,cadmium oxide,0.064,0.5,0.0239,Se powder,0.1185,1.5,0.0717,0.3333,stearic acid,0.569,2,0.25,hexadecylamine,9.6584,trioctylphosphine,0.85,2.3,0.6522,None,0,trioctylphosphine oxide,9.665,20.9251,0.0833,1.37,TEM,J. Phys. Chem. C 2009 113 1 31 - 36     
300,280,cadmium oxide,0.064,0.5,0.0239,Se powder,0.1185,1.5,0.0717,0.3333,stearic acid,0.569,2,0.25,hexadecylamine,9.6584,trioctylphosphine,0.85,2.3,0.6522,None,0,trioctylphosphine oxide,9.665,20.9251,0.25,1.62,TEM,J. Phys. Chem. C 2009 113 1 31 - 36
300,280,cadmium oxide,0.064,0.5,0.0239,Se powder,0.1185,1.5,0.0717,0.3333,stearic acid,0.569,2,0.25,hexadecylamine,9.6584,trioctylphosphine,0.85,2.3,0.6522,None,0,trioctylphosphine oxide,9.665,20.9251,0.5,1.75,TEM,J. Phys. Chem. C 2009 113 1 31 - 36
300,280,cadmium oxide,0.064,0.5,0.0239,Se powder,0.1185,1.5,0.0717,0.3333,stearic acid,0.569,2,0.25,hexadecylamine,9.6584,trioctylphosphine,0.85,2.3,0.6522,None,0,trioctylphosphine oxide,9.665,20.9251,1,1.76,TEM,J. Phys. Chem. C 2009 113 1 31 - 36
300,280,cadmium oxide,0.064,0.5,0.0239,Se powder,0.1185,1.5,0.0717,0.3333,stearic acid,0.569,2,0.25,hexadecylamine,9.6584,trioctylphosphine,0.85,2.3,0.6522,None,0,trioctylphosphine oxide,9.665,20.9251,1.5,1.82,TEM,J. Phys. Chem. C 2009 113 1 31 - 36
300,280,cadmium oxide,0.064,0.5,0.0239,Se powder,0.1185,1.5,0.0717,0.3333,stearic acid,0.569,2,0.25,hexadecylamine,9.6584,trioctylphosphine,0.85,2.3,0.6522,None,0,trioctylphosphine oxide,9.665,20.9251,2,1.86,TEM,J. Phys. Chem. C 2009 113 1 31 - 36
300,280,cadmium oxide,0.064,0.5,0.0239,Se powder,0.1185,1.5,0.0717,0.3333,stearic acid,0.569,2,0.25,hexadecylamine,9.6584,trioctylphosphine,0.85,2.3,0.6522,None,0,trioctylphosphine oxide,9.665,20.9251,2.5,1.89,TEM,J. Phys. Chem. C 2009 113 1 31 - 36
300,280,cadmium oxide,0.064,0.5,0.0239,Se powder,0.1185,1.5,0.0717,0.3333,stearic acid,0.569,2,0.25,hexadecylamine,9.6584,trioctylphosphine,0.85,2.3,0.6522,None,0,trioctylphosphine oxide,9.665,20.9251,3.5,1.95,TEM,J. Phys. Chem. C 2009 113 1 31 - 36
300,280,cadmium oxide,0.064,0.5,0.0239,Se powder,0.1185,1.5,0.0717,0.3333,stearic acid,0.569,2,0.25,hexadecylamine,9.6584,trioctylphosphine,0.85,2.3,0.6522,None,0,trioctylphosphine oxide,9.665,20.9251,5,2.04,TEM,J. Phys. Chem. C 2009 113 1 31 - 36
300,280,cadmium oxide,0.064,0.5,0.0239,Se powder,0.1185,1.5,0.0717,0.3333,stearic acid,0.569,2,0.25,hexadecylamine,9.6584,trioctylphosphine,0.85,2.3,0.6522,None,0,trioctylphosphine oxide,9.665,20.9251,7.5,1.98,TEM,J. Phys. Chem. C 2009 113 1 31 - 36
300,280,cadmium oxide,0.064,0.5,0.0239,Se powder,0.1185,1.5,0.0717,0.3333,stearic acid,0.569,2,0.25,hexadecylamine,9.6584,trioctylphosphine,0.85,2.3,0.6522,None,0,trioctylphosphine oxide,9.665,20.9251,10,1.99,TEM,J. Phys. Chem. C 2009 113 1 31 - 36
300,280,cadmium oxide,0.064,0.5,0.0241,Se powder,0.1185,1.5,0.0723,0.3333,lauric acid,0.4,2,0.25,hexadecylamine,9.6584,trioctylphosphine,0.85,2.3,0.6522,None,0,trioctylphosphine oxide,9.665,20.7561,0.0166,1.23,TEM,J. Phys. Chem. C 2009 113 1 31 - 36
300,280,cadmium oxide,0.064,0.5,0.0241,Se powder,0.1185,1.5,0.0723,0.3333,lauric acid,0.4,2,0.25,hexadecylamine,9.6584,trioctylphosphine,0.85,2.3,0.6522,None,0,trioctylphosphine oxide,9.665,20.7561,0.0833,1.34,TEM,J. Phys. Chem. C 2009 113 1 31 - 36
300,280,cadmium oxide,0.064,0.5,0.0241,Se powder,0.1185,1.5,0.0723,0.3333,lauric acid,0.4,2,0.25,hexadecylamine,9.6584,trioctylphosphine,0.85,2.3,0.6522,None,0,trioctylphosphine oxide,9.665,20.7561,0.25,1.61,TEM,J. Phys. Chem. C 2009 113 1 31 - 36
300,280,cadmium oxide,0.064,0.5,0.0241,Se powder,0.1185,1.5,0.0723,0.3333,lauric acid,0.4,2,0.25,hexadecylamine,9.6584,trioctylphosphine,0.85,2.3,0.6522,None,0,trioctylphosphine oxide,9.665,20.7561,0.5,1.63,TEM,J. Phys. Chem. C 2009 113 1 31 - 36
300,280,cadmium oxide,0.064,0.5,0.0241,Se powder,0.1185,1.5,0.0723,0.3333,lauric acid,0.4,2,0.25,hexadecylamine,9.6584,trioctylphosphine,0.85,2.3,0.6522,None,0,trioctylphosphine oxide,9.665,20.7561,1,1.68,TEM,J. Phys. Chem. C 2009 113 1 31 - 36
300,280,cadmium oxide,0.064,0.5,0.0241,Se powder,0.1185,1.5,0.0723,0.3333,lauric acid,0.4,2,0.25,hexadecylamine,9.6584,trioctylphosphine,0.85,2.3,0.6522,None,0,trioctylphosphine oxide,9.665,20.7561,1.5,1.87,TEM,J. Phys. Chem. C 2009 113 1 31 - 36
300,280,cadmium oxide,0.064,0.5,0.0241,Se powder,0.1185,1.5,0.0723,0.3333,lauric acid,0.4,2,0.25,hexadecylamine,9.6584,trioctylphosphine,0.85,2.3,0.6522,None,0,trioctylphosphine oxide,9.665,20.7561,2,2.13,TEM,J. Phys. Chem. C 2009 113 1 31 - 36
300,280,cadmium oxide,0.064,0.5,0.0241,Se powder,0.1185,1.5,0.0723,0.3333,lauric acid,0.4,2,0.25,hexadecylamine,9.6584,trioctylphosphine,0.85,2.3,0.6522,None,0,trioctylphosphine oxide,9.665,20.7561,2.5,2.24,TEM,J. Phys. Chem. C 2009 113 1 31 - 36
300,280,cadmium oxide,0.064,0.5,0.0241,Se powder,0.1185,1.5,0.0723,0.3333,lauric acid,0.4,2,0.25,hexadecylamine,9.6584,trioctylphosphine,0.85,2.3,0.6522,None,0,trioctylphosphine oxide,9.665,20.7561,5,2.42,TEM,J. Phys. Chem. C 2009 113 1 31 - 36
300,280,cadmium oxide,0.064,0.5,0.0241,Se powder,0.1185,1.5,0.0723,0.3333,lauric acid,0.4,2,0.25,hexadecylamine,9.6584,trioctylphosphine,0.85,2.3,0.6522,None,0,trioctylphosphine oxide,9.665,20.7561,7.5,2.54,TEM,J. Phys. Chem. C 2009 113 1 31 - 36
300,280,cadmium oxide,0.064,0.5,0.0241,Se powder,0.1185,1.5,0.0723,0.3333,lauric acid,0.4,2,0.25,hexadecylamine,9.6584,trioctylphosphine,0.85,2.3,0.6522,None,0,trioctylphosphine oxide,9.665,20.7561,10,2.59,TEM,J. Phys. Chem. C 2009 113 1 31 - 36
180,180,cadmium oxide,0.05,0.39,0.0252,Se powder,0.01,0.126,0.0081,3.095238095,stearic acid,0.6,2.1,0.1857,None,0,tributylphosphine,0.036,0.18,0.7,liquid parafin,14,None,0,15.5,0.33,1.97,TEM,Colloids and Surfaces A: Physicochem. Eng. Aspects 2008 316 37 - 45   
180,180,cadmium oxide,0.05,0.39,0.0252,Se powder,0.01,0.126,0.0081,3.095238095,stearic acid,0.6,2.1,0.1857,None,0,tributylphosphine,0.036,0.18,0.7,liquid parafin,14,None,0,15.5,0.66,2.17,TEM,Colloids and Surfaces A: Physicochem. Eng. Aspects 2008 316 37 - 45   
180,180,cadmium oxide,0.05,0.39,0.0252,Se powder,0.01,0.126,0.0081,3.095238095,stearic acid,0.6,2.1,0.1857,None,0,tributylphosphine,0.036,0.18,0.7,liquid parafin,14,None,0,15.5,10,2.84,TEM,Colloids and Surfaces A: Physicochem. Eng. Aspects 2008 316 37 - 45
265,265,cadmium oxide,0.05,0.39,0.0252,Se powder,0.01,0.126,0.0081,3.095238095,stearic acid,0.6,2.1,0.1857,None,0,tributylphosphine,0.036,0.18,0.7,liquid parafin,14,None,0,15.5,0.33,2.57,TEM,Colloids and Surfaces A: Physicochem. Eng. Aspects 2008 316 37 - 45
265,265,cadmium oxide,0.05,0.39,0.0252,Se powder,0.01,0.126,0.0081,3.095238095,stearic acid,0.6,2.1,0.1857,None,0,tributylphosphine,0.036,0.18,0.7,liquid parafin,14,None,0,15.5,0.66,3.25,TEM,Colloids and Surfaces A: Physicochem. Eng. Aspects 2008 316 37 - 45
265,265,cadmium oxide,0.05,0.39,0.0252,Se powder,0.01,0.126,0.0081,3.095238095,stearic acid,0.6,2.1,0.1857,None,0,tributylphosphine,0.036,0.18,0.7,liquid parafin,14,None,0,15.5,10,4.5,TEM,Colloids and Surfaces A: Physicochem. Eng. Aspects 2008 316 37 - 45
210,210,cadmium oxide,0.05,0.39,0.026546865,Se powder,0.005,0.065,0.004424478,6,stearic acid,0.6,2.1,0.1857,None,0,tributylphosphine,0.036,0.18,0.7,liquid parafin,14,None,0,14.691,0.33,2.02,TEM,Colloids and Surfaces A: Physicochem. Eng. Aspects 2008 316 37 - 45
210,210,cadmium oxide,0.05,0.39,0.026546865,Se powder,0.005,0.065,0.004424478,6,stearic acid,0.6,2.1,0.1857,None,0,tributylphosphine,0.036,0.18,0.7,liquid parafin,14,None,0,14.691,0.66,2.32,TEM,Colloids and Surfaces A: Physicochem. Eng. Aspects 2008 316 37 - 45
210,210,cadmium oxide,0.05,0.39,0.026546865,Se powder,0.005,0.065,0.004424478,6,stearic acid,0.6,2.1,0.1857,None,0,tributylphosphine,0.036,0.18,0.7,liquid parafin,14,None,0,14.691,10,3.31,TEM,Colloids and Surfaces A: Physicochem. Eng. Aspects 2008 316 37 - 45
210,210,cadmium oxide,0.05,0.39,0.026501767,Se powder,0.03,0.39,0.026501767,1,stearic acid,0.6,2.1,0.1857,None,0,tributylphosphine,0.036,0.18,0.7,liquid parafin,14,None,0,14.716,0.33,2.61,TEM,Colloids and Surfaces A: Physicochem. Eng. Aspects 2008 316 37 - 45
210,210,cadmium oxide,0.05,0.39,0.026501767,Se powder,0.03,0.39,0.026501767,1,stearic acid,0.6,2.1,0.1857,None,0,tributylphosphine,0.036,0.18,0.7,liquid parafin,14,None,0,14.716,0.66,2.76,TEM,Colloids and Surfaces A: Physicochem. Eng. Aspects 2008 316 37 - 45
210,210,cadmium oxide,0.05,0.39,0.026501767,Se powder,0.03,0.39,0.026501767,1,stearic acid,0.6,2.1,0.1857,None,0,tributylphosphine,0.036,0.18,0.7,liquid parafin,14,None,0,14.716,10,3.66,TEM,Colloids and Surfaces A: Physicochem. Eng. Aspects 2008 316 37 - 45
225,225,cadmium oxide,0.013,0.1,0.0066,Se powder,0.06,0.759,0.0502,0.1318,oleic acid,0.67,2.37,0.0422,None,0,trioctylphosphine,0.48,0.178,4.264,octadecene,13.9,None,0,15.123,0.5,2.5,TEM,Colloids and Surfaces A: Physicochem. Eng. Aspects 2016 494 162 - 169   
280,250,cadmium oxide,0.06,0.467,0.0424,Se powder,0.037,0.47,0.0426,0.9936,oleic acid,2,7.08,0.066,octadecylamine,1.16,trioctylphosphine,2.07,5.59,0.0841,octadecene,5.7,None,0,11.027,0.33,2.85,TEM,Mater. Res. Express 2016 3 75904       
280,250,cadmium oxide,0.06,0.467,0.0424,Se powder,0.037,0.47,0.0426,0.9936,oleic acid,2,7.08,0.066,octadecylamine,1.16,trioctylphosphine,2.07,5.59,0.0841,octadecene,5.7,None,0,11.027,0.66,3.12,TEM,Mater. Res. Express 2016 3 75904       
280,250,cadmium oxide,0.06,0.467,0.0424,Se powder,0.037,0.47,0.0426,0.9936,oleic acid,2,7.08,0.066,octadecylamine,1.16,trioctylphosphine,2.07,5.59,0.0841,octadecene,5.7,None,0,11.027,1,3.46,TEM,Mater. Res. Express 2016 3 75904       
280,250,cadmium oxide,0.06,0.467,0.0424,Se powder,0.037,0.47,0.0426,0.9936,oleic acid,2,7.08,0.066,octadecylamine,1.16,trioctylphosphine,2.07,5.59,0.0841,octadecene,5.7,None,0,11.027,2,3.79,TEM,Mater. Res. Express 2016 3 75904       
280,250,cadmium oxide,0.013,0.1,0.01,Se powder,0.079,1,0.0999,0.1,stearic acid,0.114,0.4,0.25,hexadecylamine,3.44,trioctylphosphine,2.92,7.88,0.1269,None,0,trioctylphosphine oxide,3.44,10.0057,0.0033,1.98,TEM,Nano Letters 2004 4 3 465 - 469       
280,250,cadmium oxide,0.013,0.1,0.01,Se powder,0.079,1,0.0999,0.1,stearic acid,0.114,0.4,0.25,hexadecylamine,3.44,trioctylphosphine,2.92,7.88,0.1269,None,0,trioctylphosphine oxide,3.44,10.0057,0.013,2.09,TEM,Nano Letters 2004 4 3 465 - 469       
280,250,cadmium oxide,0.013,0.1,0.01,Se powder,0.079,1,0.0999,0.1,stearic acid,0.114,0.4,0.25,hexadecylamine,3.44,trioctylphosphine,2.92,7.88,0.1269,None,0,trioctylphosphine oxide,3.44,10.0057,0.035,2.34,TEM,Nano Letters 2004 4 3 465 - 469
280,250,cadmium oxide,0.013,0.1,0.01,Se powder,0.079,1,0.0999,0.1,stearic acid,0.114,0.4,0.25,hexadecylamine,3.44,trioctylphosphine,2.92,7.88,0.1269,None,0,trioctylphosphine oxide,3.44,10.0057,0.16,3.21,TEM,Nano Letters 2004 4 3 465 - 469
280,250,cadmium oxide,0.013,0.1,0.01,Se powder,0.079,1,0.0999,0.1,stearic acid,0.114,0.4,0.25,hexadecylamine,3.44,trioctylphosphine,2.92,7.88,0.1269,None,0,trioctylphosphine oxide,3.44,10.0057,0.575,4.37,TEM,Nano Letters 2004 4 3 465 - 469
280,250,cadmium oxide,0.013,0.1,0.01,Se powder,0.079,1,0.0999,0.1,stearic acid,0.114,0.4,0.25,hexadecylamine,3.44,trioctylphosphine,2.92,7.88,0.1269,None,0,trioctylphosphine oxide,3.44,10.0057,2.38,6.04,TEM,Nano Letters 2004 4 3 465 - 469
70,70,cadmium acetate dihtdrate,0.5,1.9,1.9,Se powder,0.198,2.5,0.2935,0.76,None,0,0,0,None,0,trioctylphosphine,2.82,7.6,0.3289,None,0,trioctylphosphine oxide,5,8.518,2160,1.74,TEM,J. Phys. Chem. C 2012 116 7 4380 - 4389     
70,70,cadmium acetate dihtdrate,0.5,1.9,1.9,Se powder,0.198,2.5,0.188,0.76,oleic acid,4.78,16.9,0.1124,None,0,trioctylphosphine,2.82,7.6,0.3289,None,0,trioctylphosphine oxide,5,13.298,2160,1.75,TEM,J. Phys. Chem. C 2012 116 7 4380 - 4389     
70,70,cadmium acetate dihtdrate,0.5,1.9,1.9,Se powder,0.198,2.5,0.2513,0.76,ethylphosphonic acid,1.43,13,0.1462,None,0,trioctylphosphine,2.82,7.6,0.3289,None,0,trioctylphosphine oxide,5,9.948,2160,1.79,TEM,J. Phys. Chem. C 2012 116 7 4380 - 4389     
70,70,cadmium acetate dihtdrate,0.5,1.9,1.9,Se powder,0.198,2.5,0.2255,0.76,lauric acid,2.57,12.8,0.1484,None,0,trioctylphosphine,2.82,7.6,0.3289,None,0,trioctylphosphine oxide,5,11.088,2160,1.71,TEM,J. Phys. Chem. C 2012 116 7 4380 - 4389     
70,70,cadmium acetate dihtdrate,0.5,1.9,1.9,Se powder,0.198,2.5,0.1601,0.76,None,0,0,0,trioctylamine,7.1,trioctylphosphine,2.82,7.6,0.3289,None,0,trioctylphosphine oxide,5,15.618,2160,1.97,TEM,J. Phys. Chem. C 2012 116 7 4380 - 4389     
240,220,cadmium stearate,0.1846,0.27,0.082,Se powder,0.0213,2.7,0.8196,0.1,None,0,0,0,None,0,triphenylphosphine,1.0294,3.92,0.6888,None,0,trioctylphosphine oxide,2.0588,3.2941,10,2,TEM,J. Am. Chem. Soc. 2005 127 12 4372 - 4375     
240,220,cadmium stearate,0.1846,0.27,0.082,Se powder,0.0213,2.7,0.8196,0.1,None,0,0,0,None,0,triphenylphosphine,1.0294,3.92,0.6888,None,0,trioctylphosphine oxide,2.0588,3.2941,15,2,TEM,J. Am. Chem. Soc. 2005 127 12 4372 - 4375     
240,220,cadmium stearate,0.1846,0.27,0.082,Se powder,0.0213,2.7,0.8196,0.1,None,0,0,0,None,0,triphenylphosphine,1.0294,3.92,0.6888,None,0,trioctylphosphine oxide,2.0588,3.2941,30,2,TEM,J. Am. Chem. Soc. 2005 127 12 4372 - 4375
240,220,cadmium stearate,0.1846,0.27,0.082,Se powder,0.0213,2.7,0.8196,0.1,None,0,0,0,None,0,triphenylphosphine,1.0294,3.92,0.6888,None,0,trioctylphosphine oxide,2.0588,3.2941,45,2,TEM,J. Am. Chem. Soc. 2005 127 12 4372 - 4375
240,220,cadmium stearate,0.1846,0.27,0.082,Se powder,0.0213,2.7,0.8196,0.1,None,0,0,0,None,0,triphenylphosphine,1.0294,3.92,0.6888,None,0,trioctylphosphine oxide,2.0588,3.2941,60,2,TEM,J. Am. Chem. Soc. 2005 127 12 4372 - 4375
240,220,cadmium stearate,0.1846,0.27,0.082,Se powder,0.0213,2.7,0.8196,0.1,None,0,0,0,None,0,triphenylphosphine,1.0294,3.92,0.6888,None,0,trioctylphosphine oxide,2.0588,3.2941,90,2,TEM,J. Am. Chem. Soc. 2005 127 12 4372 - 4375
45,45,cadmium oxide,0.5,3.9,0.7738,Se powder,0.31,3.9,0.7738,1,benzoic acid,1.5,12.3,0.3171,dodecylamine,2,diphenylphosphine,0.73,3.9,1,None,0,None,0,5.04,1,1.44,absorbance spectra,Chem. Mater. 2011 23 12 3114 - 3119       
45,45,cadmium oxide,0.5,3.9,0.7738,Se powder,0.31,3.9,0.7738,1,benzoic acid,1.5,12.3,0.3171,dodecylamine,2,diphenylphosphine,0.73,3.9,1,None,0,None,0,5.04,3,1.55,absorbance spectra,Chem. Mater. 2011 23 12 3114 - 3119       
45,45,cadmium oxide,0.5,3.9,0.7738,Se powder,0.31,3.9,0.7738,1,benzoic acid,1.5,12.3,0.3171,dodecylamine,2,diphenylphosphine,0.73,3.9,1,None,0,None,0,5.04,5,1.67,absorbance spectra,Chem. Mater. 2011 23 12 3114 - 3119
45,45,cadmium oxide,0.5,3.9,0.7738,Se powder,0.31,3.9,0.7738,1,benzoic acid,1.5,12.3,0.3171,dodecylamine,2,diphenylphosphine,0.73,3.9,1,None,0,None,0,5.04,30,1.67,absorbance spectra,Chem. Mater. 2011 23 12 3114 - 3119
45,45,cadmium oxide,0.5,3.9,0.7738,Se powder,0.31,3.9,0.7738,1,benzoic acid,1.5,12.3,0.3171,dodecylamine,2,diphenylphosphine,0.73,3.9,1,None,0,None,0,5.04,150,1.67,absorbance spectra,Chem. Mater. 2011 23 12 3114 - 3119
45,50,cadmium oxide,0.5,3.9,0.6776,Se powder,0.31,3.9,0.6776,1,benzoic acid,1.5,12.3,0.3171,dodecylamine,2,trioctylphosphine,1.4453,3.9,1,None,0,None,0,5.7553,400,1.13,absorbance spectra,Chem. Mater. 2011 23 12 3114 - 3119
45,50,cadmium oxide,0.5,3.9,0.6776,Se powder,0.31,3.9,0.6776,1,benzoic acid,1.5,12.3,0.3171,dodecylamine,2,trioctylphosphine,1.4453,3.9,1,None,0,None,0,5.7553,1170,1.33,absorbance spectra,Chem. Mater. 2011 23 12 3114 - 3119
45,50,cadmium oxide,0.5,3.9,0.6776,Se powder,0.31,3.9,0.6776,1,benzoic acid,1.5,12.3,0.3171,dodecylamine,2,trioctylphosphine,1.4453,3.9,1,None,0,None,0,5.7553,3260,1.33,absorbance spectra,Chem. Mater. 2011 23 12 3114 - 3119
45,50,cadmium oxide,0.5,3.9,0.6776,Se powder,0.31,3.9,0.6776,1,benzoic acid,1.5,12.3,0.3171,dodecylamine,2,trioctylphosphine,1.4453,3.9,1,None,0,None,0,5.7553,4180,1.33,absorbance spectra,Chem. Mater. 2011 23 12 3114 - 3119
45,80,cadmium oxide,0.5,3.9,0.6776,Se powder,0.31,3.9,0.6776,1,benzoic acid,1.5,12.3,0.3171,dodecylamine,2,trioctylphosphine,1.4453,3.9,1,None,0,None,0,5.7553,10,1.44,absorbance spectra,Chem. Mater. 2011 23 12 3114 - 3119
45,80,cadmium oxide,0.5,3.9,0.6776,Se powder,0.31,3.9,0.6776,1,benzoic acid,1.5,12.3,0.3171,dodecylamine,2,trioctylphosphine,1.4453,3.9,1,None,0,None,0,5.7553,90,1.44,absorbance spectra,Chem. Mater. 2011 23 12 3114 - 3119
45,80,cadmium oxide,0.5,3.9,0.6776,Se powder,0.31,3.9,0.6776,1,benzoic acid,1.5,12.3,0.3171,dodecylamine,2,trioctylphosphine,1.4453,3.9,1,None,0,None,0,5.7553,215,1.67,absorbance spectra,Chem. Mater. 2011 23 12 3114 - 3119
45,80,cadmium oxide,0.5,3.9,0.6776,Se powder,0.31,3.9,0.6776,1,benzoic acid,1.5,12.3,0.3171,dodecylamine,2,trioctylphosphine,1.4453,3.9,1,None,0,None,0,5.7553,1245,1.78,absorbance spectra,Chem. Mater. 2011 23 12 3114 - 3119
45,115,cadmium oxide,0.5,3.9,0.6776,Se powder,0.31,3.9,0.6776,1,benzoic acid,1.5,12.3,0.3171,dodecylamine,2,trioctylphosphine,1.4453,3.9,1,None,0,None,0,5.7553,5,1.78,absorbance spectra,Chem. Mater. 2011 23 12 3114 - 3119
45,115,cadmium oxide,0.5,3.9,0.6776,Se powder,0.31,3.9,0.6776,1,benzoic acid,1.5,12.3,0.3171,dodecylamine,2,trioctylphosphine,1.4453,3.9,1,None,0,None,0,5.7553,40,2.15,absorbance spectra,Chem. Mater. 2011 23 12 3114 - 3119
45,115,cadmium oxide,0.5,3.9,0.6776,Se powder,0.31,3.9,0.6776,1,benzoic acid,1.5,12.3,0.3171,dodecylamine,2,trioctylphosphine,1.4453,3.9,1,None,0,None,0,5.7553,185,2.52,absorbance spectra,Chem. Mater. 2011 23 12 3114 - 3119
45,115,cadmium oxide,0.5,3.9,0.6776,Se powder,0.31,3.9,0.6776,1,benzoic acid,1.5,12.3,0.3171,dodecylamine,2,trioctylphosphine,1.4453,3.9,1,None,0,None,0,5.7553,1365,2.84,absorbance spectra,Chem. Mater. 2011 23 12 3114 - 3119
20,280,cadmium acetate dihydrate,0.0226,0.086,0.0134,Se powder,0.049,0.62,0.0963,0.14,oleic acid,0.148,0.52,0.1654,heptylamine,0.31,trioctylphosphine,2.01,5.61,0.11,octadecene,3.9,None,0,6.4396,0.05,3.8,TEM,Journal of Luminescence 2007 126 1 21 - 26      
20,280,cadmium acetate dihydrate,0.0226,0.086,0.0134,Se powder,0.049,0.62,0.0963,0.14,oleic acid,0.148,0.52,0.1654,octylamine,0.31,trioctylphosphine,2.01,5.61,0.11,octadecene,3.9,None,0,6.4396,0.05,3.8,TEM,Journal of Luminescence 2007 126 1 21 - 26      
20,280,cadmium acetate dihydrate,0.0226,0.086,0.0133,Se powder,0.049,0.62,0.0961,0.14,oleic acid,0.148,0.52,0.1654,dodecylamine,0.32,trioctylphosphine,2.01,5.61,0.11,octadecene,3.9,None,0,6.4496,0.05,3.7,TEM,Journal of Luminescence 2007 126 1 21 - 26
20,280,cadmium acetate dihydrate,0.0226,0.086,0.0133,Se powder,0.049,0.62,0.0961,0.14,oleic acid,0.148,0.52,0.1654,hexadecylamine,0.32,trioctylphosphine,2.01,5.61,0.11,octadecene,3.9,None,0,6.4496,0.05,3.6,TEM,Journal of Luminescence 2007 126 1 21 - 26
20,280,cadmium acetate dihydrate,0.0226,0.086,0.0134,Se powder,0.049,0.62,0.0963,0.14,oleic acid,0.148,0.52,0.1654,heptylamine,0.31,trioctylphosphine,2.01,5.61,0.11,octadecene,3.9,None,0,6.4396,0.5,4.3,TEM,Journal of Luminescence 2007 126 1 21 - 26
20,280,cadmium acetate dihydrate,0.0226,0.086,0.0134,Se powder,0.049,0.62,0.0963,0.14,oleic acid,0.148,0.52,0.1654,octylamine,0.31,trioctylphosphine,2.01,5.61,0.11,octadecene,3.9,None,0,6.4396,0.5,4.1,TEM,Journal of Luminescence 2007 126 1 21 - 26
20,280,cadmium acetate dihydrate,0.0226,0.086,0.0133,Se powder,0.049,0.62,0.0961,0.14,oleic acid,0.148,0.52,0.1654,dodecylamine,0.32,trioctylphosphine,2.01,5.61,0.11,octadecene,3.9,None,0,6.4496,0.5,4,TEM,Journal of Luminescence 2007 126 1 21 - 26
20,280,cadmium acetate dihydrate,0.0226,0.086,0.0133,Se powder,0.049,0.62,0.0961,0.14,oleic acid,0.148,0.52,0.1654,hexadecylamine,0.32,trioctylphosphine,2.01,5.61,0.11,octadecene,3.9,None,0,6.4496,0.5,3.9,TEM,Journal of Luminescence 2007 126 1 21 - 26
20,280,cadmium acetate dihydrate,0.0226,0.086,0.0134,Se powder,0.049,0.62,0.0963,0.14,oleic acid,0.148,0.52,0.1654,heptylamine,0.31,trioctylphosphine,2.01,5.61,0.11,octadecene,3.9,None,0,6.4396,5,4.2,TEM,Journal of Luminescence 2007 126 1 21 - 26
20,280,cadmium acetate dihydrate,0.0226,0.086,0.0134,Se powder,0.049,0.62,0.0963,0.14,oleic acid,0.148,0.52,0.1654,octylamine,0.31,trioctylphosphine,2.01,5.61,0.11,octadecene,3.9,None,0,6.4396,5,4.2,TEM,Journal of Luminescence 2007 126 1 21 - 26
20,280,cadmium acetate dihydrate,0.0226,0.086,0.0133,Se powder,0.049,0.62,0.0961,0.14,oleic acid,0.148,0.52,0.1654,dodecylamine,0.32,trioctylphosphine,2.01,5.61,0.11,octadecene,3.9,None,0,6.4496,5,4.1,TEM,Journal of Luminescence 2007 126 1 21 - 26
20,280,cadmium acetate dihydrate,0.0226,0.086,1.72,Se powder,0.049,0.62,12.4,0.14,oleic acid,0.148,0.52,0.1654,aniline,0.41,trioctylphosphine,2.01,5.61,0.01,octadecene,3.9,None,0,6.32,0.05,3.7,TEM,Journal of Luminescence 2007 126 1 21 - 26
20,280,cadmium acetate dihydrate,0.0226,0.086,1.72,Se powder,0.049,0.62,12.4,0.14,oleic acid,0.148,0.52,0.1654,pyridine,0.39,trioctylphosphine,2.01,5.61,0.01,octadecene,3.9,None,0,6.3,0.05,4.1,TEM,Journal of Luminescence 2007 126 1 21 - 26
20,280,cadmium acetate dihydrate,0.0226,0.086,1.72,Se powder,0.049,0.62,12.4,0.14,oleic acid,0.148,0.52,0.1654,2-6-dimethylpyridine,0.37,trioctylphosphine,2.01,5.61,0.01,octadecene,3.9,None,0,6.28,0.05,3.6,TEM,Journal of Luminescence 2007 126 1 21 - 26
20,280,cadmium acetate dihydrate,0.0226,0.086,1.72,Se powder,0.049,0.62,12.4,0.14,oleic acid,0.148,0.52,0.1654,benzylamine,0.39,trioctylphosphine,2.01,5.61,0.01,octadecene,3.9,None,0,6.3,0.05,4,TEM,Journal of Luminescence 2007 126 1 21 - 26
300,260,cadmium oxide,0.0154,0.12,0.02,Se powder,0.019,0.24,0.04,0.5,oleic acid,0.339,1.2,0.1,None,0,trioctylphosphine,0.3558,0.96,0.3,octadecene,4.343,trioctylphosphine oxide,0.928,6.0002,0.13,2.1,TEM,J. Phys. Chem. B 2006 110 33 16508 - 16513     
300,260,cadmium oxide,0.0154,0.12,0.02,Se powder,0.019,0.24,0.04,0.5,oleic acid,0.339,1.2,0.1,None,0,trioctylphosphine,0.3558,0.96,0.3,octadecene,4.343,trioctylphosphine oxide,0.928,6.0002,0.42,2.6,TEM,J. Phys. Chem. B 2006 110 33 16508 - 16513     
300,260,cadmium oxide,0.0154,0.12,0.02,Se powder,0.019,0.24,0.04,0.5,oleic acid,0.339,1.2,0.1,None,0,trioctylphosphine,0.3558,0.96,0.3,octadecene,4.343,trioctylphosphine oxide,0.928,6.0002,1.88,3.4,TEM,J. Phys. Chem. B 2006 110 33 16508 - 16513
300,260,cadmium oxide,0.0154,0.12,0.02,Se powder,0.019,0.24,0.04,0.5,oleic acid,0.339,1.2,0.1,None,0,trioctylphosphine,0.3558,0.96,0.3,octadecene,4.343,trioctylphosphine oxide,0.928,6.0002,3.73,3.7,TEM,J. Phys. Chem. B 2006 110 33 16508 - 16513
300,260,cadmium oxide,0.0154,0.12,0.02,Se powder,0.019,0.24,0.04,0.5,oleic acid,0.339,1.2,0.1,None,0,trioctylphosphine,0.3558,0.96,0.3,octadecene,4.343,trioctylphosphine oxide,0.928,6.0002,20.23,4.4,TEM,J. Phys. Chem. B 2006 110 33 16508 - 16513
300,260,cadmium oxide,0.0154,0.12,0.02,Se powder,0.019,0.24,0.04,0.5,oleic acid,0.339,1.2,0.1,None,0,trioctylphosphine,0.3558,0.96,0.3,octadecene,4.343,trioctylphosphine oxide,0.928,6.0002,40.82,4.5,TEM,J. Phys. Chem. B 2006 110 33 16508 - 16513
300,260,cadmium oxide,0.0154,0.12,0.02,Se powder,0.019,0.24,0.04,0.5,oleic acid,0.339,1.2,0.1,None,0,trioctylphosphine,0.3558,0.96,0.3,octadecene,5.271,None,0,6.0002,0.15,2.9,TEM,J. Phys. Chem. B 2006 110 33 16508 - 16513
300,260,cadmium oxide,0.0154,0.12,0.02,Se powder,0.019,0.24,0.04,0.5,oleic acid,0.339,1.2,0.1,None,0,trioctylphosphine,0.3558,0.96,0.3,octadecene,5.271,None,0,6.0002,2.12,3.6,TEM,J. Phys. Chem. B 2006 110 33 16508 - 16513
300,260,cadmium oxide,0.0154,0.12,0.02,Se powder,0.019,0.24,0.04,0.5,oleic acid,0.339,1.2,0.1,None,0,trioctylphosphine,0.3558,0.96,0.3,octadecene,5.271,None,0,6.0002,4.55,4.1,TEM,J. Phys. Chem. B 2006 110 33 16508 - 16513
300,260,cadmium oxide,0.0154,0.12,0.02,Se powder,0.019,0.24,0.04,0.5,oleic acid,0.339,1.2,0.1,None,0,trioctylphosphine,0.3558,0.96,0.3,octadecene,5.271,None,0,6.0002,12.82,4.4,TEM,J. Phys. Chem. B 2006 110 33 16508 - 16513
300,260,cadmium oxide,0.0154,0.12,0.02,Se powder,0.019,0.24,0.04,0.5,oleic acid,0.339,1.2,0.1,None,0,trioctylphosphine,0.3558,0.96,0.3,octadecene,5.271,None,0,6.0002,23.12,4.5,TEM,J. Phys. Chem. B 2006 110 33 16508 - 16513
300,260,cadmium oxide,0.0154,0.12,0.02,Se powder,0.019,0.24,0.04,0.5,oleic acid,0.339,1.2,0.1,None,0,trioctylphosphine,0.3558,0.96,0.3,octadecene,5.271,None,0,6.0002,43.17,5.1,TEM,J. Phys. Chem. B 2006 110 33 16508 - 16513
300,260,cadmium oxide,0.0154,0.12,0.023,Se powder,0.019,0.24,0.0461,0.5,oleic acid,0.339,1.2,0.1,None,0,trioctylphosphine,0.3558,0.96,0.3,octadecene,4.343,trioctylphosphine oxide,0.1392,5.2114,0.1,2.3,TEM,J. Phys. Chem. B 2006 110 33 16508 - 16513
300,260,cadmium oxide,0.0154,0.12,0.023,Se powder,0.019,0.24,0.0461,0.5,oleic acid,0.339,1.2,0.1,None,0,trioctylphosphine,0.3558,0.96,0.3,octadecene,4.343,trioctylphosphine oxide,0.1392,5.2114,0.5,3,TEM,J. Phys. Chem. B 2006 110 33 16508 - 16513
300,260,cadmium oxide,0.0154,0.12,0.023,Se powder,0.019,0.24,0.0461,0.5,oleic acid,0.339,1.2,0.1,None,0,trioctylphosphine,0.3558,0.96,0.3,octadecene,4.343,trioctylphosphine oxide,0.1392,5.2114,1.5,3.5,TEM,J. Phys. Chem. B 2006 110 33 16508 - 16513
300,260,cadmium oxide,0.0154,0.12,0.023,Se powder,0.019,0.24,0.0461,0.5,oleic acid,0.339,1.2,0.1,None,0,trioctylphosphine,0.3558,0.96,0.3,octadecene,4.343,trioctylphosphine oxide,0.1392,5.2114,3.42,4,TEM,J. Phys. Chem. B 2006 110 33 16508 - 16513
300,260,cadmium oxide,0.0154,0.12,0.023,Se powder,0.019,0.24,0.0461,0.5,oleic acid,0.339,1.2,0.1,None,0,trioctylphosphine,0.3558,0.96,0.3,octadecene,4.343,trioctylphosphine oxide,0.1392,5.2114,14.2,4.4,TEM,J. Phys. Chem. B 2006 110 33 16508 - 16513
300,260,cadmium oxide,0.0154,0.12,0.023,Se powder,0.019,0.24,0.0461,0.5,oleic acid,0.339,1.2,0.1,None,0,trioctylphosphine,0.3558,0.96,0.3,octadecene,4.343,trioctylphosphine oxide,0.1392,5.2114,26.75,4.5,TEM,J. Phys. Chem. B 2006 110 33 16508 - 16513
300,260,cadmium oxide,0.0154,0.12,0.0226,Se powder,0.019,0.24,0.0452,0.5,oleic acid,0.339,1.2,0.1,None,0,trioctylphosphine,0.3558,0.96,0.3,octadecene,4.343,trioctylphosphine oxide,0.232,5.3042,0.17,2.2,TEM,J. Phys. Chem. B 2006 110 33 16508 - 16513
300,260,cadmium oxide,0.0154,0.12,0.0226,Se powder,0.019,0.24,0.0452,0.5,oleic acid,0.339,1.2,0.1,None,0,trioctylphosphine,0.3558,0.96,0.3,octadecene,4.343,trioctylphosphine oxide,0.232,5.3042,0.68,2.8,TEM,J. Phys. Chem. B 2006 110 33 16508 - 16513
300,260,cadmium oxide,0.0154,0.12,0.0226,Se powder,0.019,0.24,0.0452,0.5,oleic acid,0.339,1.2,0.1,None,0,trioctylphosphine,0.3558,0.96,0.3,octadecene,4.343,trioctylphosphine oxide,0.232,5.3042,2.5,3.6,TEM,J. Phys. Chem. B 2006 110 33 16508 - 16513
300,260,cadmium oxide,0.0154,0.12,0.0226,Se powder,0.019,0.24,0.0452,0.5,oleic acid,0.339,1.2,0.1,None,0,trioctylphosphine,0.3558,0.96,0.3,octadecene,4.343,trioctylphosphine oxide,0.232,5.3042,8.23,4.3,TEM,J. Phys. Chem. B 2006 110 33 16508 - 16513
300,260,cadmium oxide,0.0154,0.12,0.0226,Se powder,0.019,0.24,0.0452,0.5,oleic acid,0.339,1.2,0.1,None,0,trioctylphosphine,0.3558,0.96,0.3,octadecene,4.343,trioctylphosphine oxide,0.232,5.3042,24.67,4.6,TEM,J. Phys. Chem. B 2006 110 33 16508 - 16513
300,260,cadmium oxide,0.0154,0.12,0.0226,Se powder,0.019,0.24,0.0452,0.5,oleic acid,0.339,1.2,0.1,None,0,trioctylphosphine,0.3558,0.96,0.3,octadecene,4.343,trioctylphosphine oxide,0.232,5.3042,53.07,4.9,TEM,J. Phys. Chem. B 2006 110 33 16508 - 16513
300,260,cadmium oxide,0.0154,0.12,0.0153,Se powder,0.019,0.24,0.0306,0.5,oleic acid,0.339,1.2,0.1,None,0,trioctylphosphine,0.3558,0.96,0.3,octadecene,4.343,trioctylphosphine oxide,2.7835,7.8557,0.13,1.7,TEM,J. Phys. Chem. B 2006 110 33 16508 - 16513
300,260,cadmium oxide,0.0154,0.12,0.0153,Se powder,0.019,0.24,0.0306,0.5,oleic acid,0.339,1.2,0.1,None,0,trioctylphosphine,0.3558,0.96,0.3,octadecene,4.343,trioctylphosphine oxide,2.7835,7.8557,1.5,2.5,TEM,J. Phys. Chem. B 2006 110 33 16508 - 16513
300,260,cadmium oxide,0.0154,0.12,0.0153,Se powder,0.019,0.24,0.0306,0.5,oleic acid,0.339,1.2,0.1,None,0,trioctylphosphine,0.3558,0.96,0.3,octadecene,4.343,trioctylphosphine oxide,2.7835,7.8557,14.37,3.5,TEM,J. Phys. Chem. B 2006 110 33 16508 - 16513
300,260,cadmium oxide,0.0154,0.12,0.0153,Se powder,0.019,0.24,0.0306,0.5,oleic acid,0.339,1.2,0.1,None,0,trioctylphosphine,0.3558,0.96,0.3,octadecene,4.343,trioctylphosphine oxide,2.7835,7.8557,26.7,3.7,TEM,J. Phys. Chem. B 2006 110 33 16508 - 16513
300,260,cadmium oxide,0.0154,0.12,0.0153,Se powder,0.019,0.24,0.0306,0.5,oleic acid,0.339,1.2,0.1,None,0,trioctylphosphine,0.3558,0.96,0.3,octadecene,4.343,trioctylphosphine oxide,2.7835,7.8557,42.22,3.9,TEM,J. Phys. Chem. B 2006 110 33 16508 - 16513
220,150,cadmium oxide,0.0256,0.2,0.0333,Se powder,0.0079,0.1,0.0167,2,oleic acid,0.1695,0.6,0.3,None,0,trioctylphosphine,1.9921,5.38,0.02,phenyl ether,3.8049,None,0,6,2,1.78,absorbance spectra,Nanotechnology 2007 18 405603         
220,150,cadmium oxide,0.0256,0.2,0.0333,Se powder,0.0079,0.1,0.0167,2,oleic acid,0.1695,0.6,0.3,None,0,trioctylphosphine,1.9921,5.38,0.02,phenyl ether,3.8049,None,0,6,5,1.78,absorbance spectra,Nanotechnology 2007 18 405603         
220,150,cadmium oxide,0.0256,0.2,0.0333,Se powder,0.0079,0.1,0.0167,2,oleic acid,0.1695,0.6,0.3,None,0,trioctylphosphine,1.9921,5.38,0.02,phenyl ether,3.8049,None,0,6,15,1.78,absorbance spectra,Nanotechnology 2007 18 405603         
220,150,cadmium oxide,0.0256,0.2,0.0333,Se powder,0.0079,0.1,0.0167,2,oleic acid,0.1695,0.6,0.3,None,0,trioctylphosphine,1.9921,5.38,0.02,phenyl ether,3.8049,None,0,6,60,1.78,absorbance spectra,Nanotechnology 2007 18 405603         
220,150,cadmium oxide,0.0256,0.2,0.0333,Se powder,0.0079,0.1,0.0167,2,oleic acid,0.1695,0.6,0.3,None,0,trioctylphosphine,1.9921,5.38,0.02,phenyl ether,3.8049,None,0,6,120,1.67,absorbance spectra,Nanotechnology 2007 18 405603         
220,150,cadmium oxide,0.0256,0.2,0.0333,Se powder,0.0079,0.1,0.0167,2,oleic acid,0.1695,0.6,0.3,None,0,trioctylphosphine,1.9921,5.38,0.02,phenyl ether,3.8049,None,0,6,240,1.67,absorbance spectra,Nanotechnology 2007 18 405603         
220,190,cadmium oxide,0.0256,0.2,0.0333,Se powder,0.0079,0.1,0.0167,2,oleic acid,0.1695,0.6,0.3,None,0,trioctylphosphine,1.9921,5.38,0.02,phenyl ether,3.8049,None,0,6,2,1.55,absorbance spectra,Nanotechnology 2007 18 405603         
220,190,cadmium oxide,0.0256,0.2,0.0333,Se powder,0.0079,0.1,0.0167,2,oleic acid,0.1695,0.6,0.3,None,0,trioctylphosphine,1.9921,5.38,0.02,phenyl ether,3.8049,None,0,6,5,1.55,absorbance spectra,Nanotechnology 2007 18 405603         
220,190,cadmium oxide,0.0256,0.2,0.0333,Se powder,0.0079,0.1,0.0167,2,oleic acid,0.1695,0.6,0.3,None,0,trioctylphosphine,1.9921,5.38,0.02,phenyl ether,3.8049,None,0,6,15,1.55,absorbance spectra,Nanotechnology 2007 18 405603         
220,190,cadmium oxide,0.0256,0.2,0.0333,Se powder,0.0079,0.1,0.0167,2,oleic acid,0.1695,0.6,0.3,None,0,trioctylphosphine,1.9921,5.38,0.02,phenyl ether,3.8049,None,0,6,40,1.55,absorbance spectra,Nanotechnology 2007 18 405603         
,, ,,,,,,,,,,,,,,,,,,,,,,,,,,,
,, ,,,,,,,,,,,,,,,,,,,,,,,,,,,
,, ,,,,,,,,,,,,,,,,,,,,,,,,,,,
,, ,,,,,,,,,,,,,,,,,,,,,,,,,,,
,, ,,,,,,,,,,,,,,,,,,,,,,,,,,,
,, ,,,,,,,,,,,,,,,,,,,,,,,,,,,
,, ,,,,,,,,,,,,,,,,,,,,,,,,,,,
,, ,,,,,,,,,,,,,,,,,,,,,,,,,,,
,, ,,,,,,,,,,,,,,,,,,,,,,,,,,,
,, ,,,,,,,,,,,,,,,,,,,,,,,,,,,
,, ,,,,,,,,,,,,,,,,,,,,,,,,,,,
,, ,,,,,,,,,,,,,,,,,,,,,,,,,,,
,, ,,,,,,,,,,,,,,,,,,,,,,,,,,,
,, ,,,,,,,,,,,,,,,,,,,,,,,,,,,
,, ,,,,,,,,,,,,,,,,,,,,,,,,,,,
,, ,,,,,,,,,,,,,,,,,,,,,,,,,,,
,, ,,,,,,,,,,,,,,,,,,,,,,,,,,,
,, ,,,,,,,,,,,,,,,,,,,,,,,,,,,
,, ,,,,,,,,,,,,,,,,,,,,,,,,,,,
,, ,,,,,,,,,,,,,,,,,,,,,,,,,,,
,, ,,,,,,,,,,,,,,,,,,,,,,,,,,,
,, ,,,,,,,,,,,,,,,,,,,,,,,,,,,
,, ,,,,,,,,,,,,,,,,,,,,,,,,,,,
,, ,,,,,,,,,,,,,,,,,,,,,,,,,,,
,, ,,,,,,,,,,,,,,,,,,,,,,,,,,,
,, ,,,,,,,,,,,,,,,,,,,,,,,,,,,
,, ,,,,,,,,,,,,,,,,,,,,,,,,,,,
,, ,,,,,,,,,,,,,,,,,,,,,,,,,,,
,, ,,,,,,,,,,,,,,,,,,,,,,,,,,,
,, ,,,,,,,,,,,,,,,,,,,,,,,,,,,
,, ,,,,,,,,,,,,,,,,,,,,,,,,,,,
,, ,,,,,,,,,,,,,,,,,,,,,,,,,,,
,, ,,,,,,,,,,,,,,,,,,,,,,,,,,,
,, ,,,,,,,,,,,,,,,,,,,,,,,,,,,
,, ,,,,,,,,,,,,,,,,,,,,,,,,,,,
,, ,,,,,,,,,,,,,,,,,,,,,,,,,,,
,, ,,,,,,,,,,,,,,,,,,,,,,,,,,,
,, ,,,,,,,,,,,,,,,,,,,,,,,,,,,
,, ,,,,,,,,,,,,,,,,,,,,,,,,,,,
,, ,,,,,,,,,,,,,,,,,,,,,,,,,,,
,, ,,,,,,,,,,,,,,,,,,,,,,,,,,,
,, ,,,,,,,,,,,,,,,,,,,,,,,,,,,
,, ,,,,,,,,,,,,,,,,,,,,,,,,,,,
,, ,,,,,,,,,,,,,,,,,,,,,,,,,,,
,, ,,,,,,,,,,,,,,,,,,,,,,,,,,,
,, ,,,,,,,,,,,,,,,,,,,,,,,,,,,
,, ,,,,,,,,,,,,,,,,,,,,,,,,,,,
,, ,,,,,,,,,,,,,,,,,,,,,,,,,,,
,, ,,,,,,,,,,,,,,,,,,,,,,,,,,,
,, ,,,,,,,,,,,,,,,,,,,,,,,,,,,
,, ,,,,,,,,,,,,,,,,,,,,,,,,,,,
,, ,,,,,,,,,,,,,,,,,,,,,,,,,,,
,, ,,,,,,,,,,,,,,,,,,,,,,,,,,,
,, ,,,,,,,,,,,,,,,,,,,,,,,,,,,
,, ,,,,,,,,,,,,,,,,,,,,,,,,,,,
,, ,,,,,,,,,,,,,,,,,,,,,,,,,,,
,, ,,,,,,,,,,,,,,,,,,,,,,,,,,,
,, ,,,,,,,,,,,,,,,,,,,,,,,,,,,
,, ,,,,,,,,,,,,,,,,,,,,,,,,,,,
,, ,,,,,,,,,,,,,,,,,,,,,,,,,,,
,, ,,,,,,,,,,,,,,,,,,,,,,,,,,,
,, ,,,,,,,,,,,,,,,,,,,,,,,,,,,
,, ,,,,,,,,,,,,,,,,,,,,,,,,,,,
,, ,,,,,,,,,,,,,,,,,,,,,,,,,,,
,, ,,,,,,,,,,,,,,,,,,,,,,,,,,,
,, ,,,,,,,,,,,,,,,,,,,,,,,,,,,
,, ,,,,,,,,,,,,,,,,,,,,,,,,,,,
,, ,,,,,,,,,,,,,,,,,,,,,,,,,,,
,, ,,,,,,,,,,,,,,,,,,,,,,,,,,,
,, ,,,,,,,,,,,,,,,,,,,,,,,,,,,
,, ,,,,,,,,,,,,,,,,,,,,,,,,,,,
,, ,,,,,,,,,,,,,,,,,,,,,,,,,,,
,, ,,,,,,,,,,,,,,,,,,,,,,,,,,,
,, ,,,,,,,,,,,,,,,,,,,,,,,,,,,
,, ,,,,,,,,,,,,,,,,,,,,,,,,,,,
,, ,,,,,,,,,,,,,,,,,,,,,,,,,,,
,, ,,,,,,,,,,,,,,,,,,,,,,,,,,,
,, ,,,,,,,,,,,,,,,,,,,,,,,,,,,
,, ,,,,,,,,,,,,,,,,,,,,,,,,,,,
,, ,,,,,,,,,,,,,,,,,,,,,,,,,,,
,, ,,,,,,,,,,,,,,,,,,,,,,,,,,,
,, ,,,,,,,,,,,,,,,,,,,,,,,,,,,
,, ,,,,,,,,,,,,,,,,,,,,,,,,,,,
,, ,,,,,,,,,,,,,,,,,,,,,,,,,,,
,, ,,,,,,,,,,,,,,,,,,,,,,,,,,,
,, ,,,,,,,,,,,,,,,,,,,,,,,,,,,
,, ,,,,,,,,,,,,,,,,,,,,,,,,,,,
,, ,,,,,,,,,,,,,,,,,,,,,,,,,,,
,, ,,,,,,,,,,,,,,,,,,,,,,,,,,,
,, ,,,,,,,,,,,,,,,,,,,,,,,,,,,
,, ,,,,,,,,,,,,,,,,,,,,,,,,,,,
,, ,,,,,,,,,,,,,,,,,,,,,,,,,,,
,, ,,,,,,,,,,,,,,,,,,,,,,,,,,,
,, ,,,,,,,,,,,,,,,,,,,,,,,,,,,
,, ,,,,,,,,,,,,,,,,,,,,,,,,,,,
,, ,,,,,,,,,,,,,,,,,,,,,,,,,,,
,, ,,,,,,,,,,,,,,,,,,,,,,,,,,,
,, ,,,,,,,,,,,,,,,,,,,,,,,,,,,
,, ,,,,,,,,,,,,,,,,,,,,,,,,,,,
,, ,,,,,,,,,,,,,,,,,,,,,,,,,,,
,, ,,,,,,,,,,,,,,,,,,,,,,,,,,,
,, ,,,,,,,,,,,,,,,,,,,,,,,,,,,
,, ,,,,,,,,,,,,,,,,,,,,,,,,,,,
,, ,,,,,,,,,,,,,,,,,,,,,,,,,,,
,, ,,,,,,,,,,,,,,,,,,,,,,,,,,,
,, ,,,,,,,,,,,,,,,,,,,,,,,,,,,
,, ,,,,,,,,,,,,,,,,,,,,,,,,,,,
,, ,,,,,,,,,,,,,,,,,,,,,,,,,,,
,, ,,,,,,,,,,,,,,,,,,,,,,,,,,,
,, ,,,,,,,,,,,,,,,,,,,,,,,,,,,
,, ,,,,,,,,,,,,,,,,,,,,,,,,,,,
,, ,,,,,,,,,,,,,,,,,,,,,,,,,,,
,, ,,,,,,,,,,,,,,,,,,,,,,,,,,,
,, ,,,,,,,,,,,,,,,,,,,,,,,,,,,
,, ,,,,,,,,,,,,,,,,,,,,,,,,,,,
,, ,,,,,,,,,,,,,,,,,,,,,,,,,,,
,, ,,,,,,,,,,,,,,,,,,,,,,,,,,,
,, ,,,,,,,,,,,,,,,,,,,,,,,,,,,
,, ,,,,,,,,,,,,,,,,,,,,,,,,,,,
,, ,,,,,,,,,,,,,,,,,,,,,,,,,,,
,, ,,,,,,,,,,,,,,,,,,,,,,,,,,,
,, ,,,,,,,,,,,,,,,,,,,,,,,,,,,
,, ,,,,,,,,,,,,,,,,,,,,,,,,,,,
,, ,,,,,,,,,,,,,,,,,,,,,,,,,,,
,, ,,,,,,,,,,,,,,,,,,,,,,,,,,,
,, ,,,,,,,,,,,,,,,,,,,,,,,,,,,
,, ,,,,,,,,,,,,,,,,,,,,,,,,,,,
,, ,,,,,,,,,,,,,,,,,,,,,,,,,,,
,, ,,,,,,,,,,,,,,,,,,,,,,,,,,,
,, ,,,,,,,,,,,,,,,,,,,,,,,,,,,
,, ,,,,,,,,,,,,,,,,,,,,,,,,,,,
,, ,,,,,,,,,,,,,,,,,,,,,,,,,,,
,, ,,,,,,,,,,,,,,,,,,,,,,,,,,,
,, ,,,,,,,,,,,,,,,,,,,,,,,,,,,
,, ,,,,,,,,,,,,,,,,,,,,,,,,,,,
,, ,,,,,,,,,,,,,,,,,,,,,,,,,,,
,, ,,,,,,,,,,,,,,,,,,,,,,,,,,,
,, ,,,,,,,,,,,,,,,,,,,,,,,,,,,
,, ,,,,,,,,,,,,,,,,,,,,,,,,,,,
,, ,,,,,,,,,,,,,,,,,,,,,,,,,,,
,, ,,,,,,,,,,,,,,,,,,,,,,,,,,,
,, ,,,,,,,,,,,,,,,,,,,,,,,,,,,
,, ,,,,,,,,,,,,,,,,,,,,,,,,,,,
,, ,,,,,,,,,,,,,,,,,,,,,,,,,,,
,, ,,,,,,,,,,,,,,,,,,,,,,,,,,,
,, ,,,,,,,,,,,,,,,,,,,,,,,,,,,
,, ,,,,,,,,,,,,,,,,,,,,,,,,,,,
,, ,,,,,,,,,,,,,,,,,,,,,,,,,,,
,, ,,,,,,,,,,,,,,,,,,,,,,,,,,,
,, ,,,,,,,,,,,,,,,,,,,,,,,,,,,
,, ,,,,,,,,,,,,,,,,,,,,,,,,,,,
,, ,,,,,,,,,,,,,,,,,,,,,,,,,,,
,, ,,,,,,,,,,,,,,,,,,,,,,,,,,,
,, ,,,,,,,,,,,,,,,,,,,,,,,,,,,
,, ,,,,,,,,,,,,,,,,,,,,,,,,,,,
,, ,,,,,,,,,,,,,,,,,,,,,,,,,,,
,, ,,,,,,,,,,,,,,,,,,,,,,,,,,,
,, ,,,,,,,,,,,,,,,,,,,,,,,,,,,
,, ,,,,,,,,,,,,,,,,,,,,,,,,,,,
,, ,,,,,,,,,,,,,,,,,,,,,,,,,,,
,, ,,,,,,,,,,,,,,,,,,,,,,,,,,,
,, ,,,,,,,,,,,,,,,,,,,,,,,,,,,
,, ,,,,,,,,,,,,,,,,,,,,,,,,,,,
,, ,,,,,,,,,,,,,,,,,,,,,,,,,,,
,, ,,,,,,,,,,,,,,,,,,,,,,,,,,,
,, ,,,,,,,,,,,,,,,,,,,,,,,,,,,
,, ,,,,,,,,,,,,,,,,,,,,,,,,,,,
,, ,,,,,,,,,,,,,,,,,,,,,,,,,,,
,, ,,,,,,,,,,,,,,,,,,,,,,,,,,,
,, ,,,,,,,,,,,,,,,,,,,,,,,,,,,
,, ,,,,,,,,,,,,,,,,,,,,,,,,,,,
,, ,,,,,,,,,,,,,,,,,,,,,,,,,,,
,, ,,,,,,,,,,,,,,,,,,,,,,,,,,,
,, ,,,,,,,,,,,,,,,,,,,,,,,,,,,
,, ,,,,,,,,,,,,,,,,,,,,,,,,,,,
,, ,,,,,,,,,,,,,,,,,,,,,,,,,,,
,, ,,,,,,,,,,,,,,,,,,,,,,,,,,,
,, ,,,,,,,,,,,,,,,,,,,,,,,,,,,
,, ,,,,,,,,,,,,,,,,,,,,,,,,,,,
,, ,,,,,,,,,,,,,,,,,,,,,,,,,,,
,, ,,,,,,,,,,,,,,,,,,,,,,,,,,,
,, ,,,,,,,,,,,,,,,,,,,,,,,,,,,
,, ,,,,,,,,,,,,,,,,,,,,,,,,,,,
,, ,,,,,,,,,,,,,,,,,,,,,,,,,,,
,, ,,,,,,,,,,,,,,,,,,,,,,,,,,,
,, ,,,,,,,,,,,,,,,,,,,,,,,,,,,
,, ,,,,,,,,,,,,,,,,,,,,,,,,,,,
,, ,,,,,,,,,,,,,,,,,,,,,,,,,,,
,, ,,,,,,,,,,,,,,,,,,,,,,,,,,,
,, ,,,,,,,,,,,,,,,,,,,,,,,,,,,
,, ,,,,,,,,,,,,,,,,,,,,,,,,,,,
,, ,,,,,,,,,,,,,,,,,,,,,,,,,,,
,, ,,,,,,,,,,,,,,,,,,,,,,,,,,,
,, ,,,,,,,,,,,,,,,,,,,,,,,,,,,
,, ,,,,,,,,,,,,,,,,,,,,,,,,,,,
,, ,,,,,,,,,,,,,,,,,,,,,,,,,,,
,, ,,,,,,,,,,,,,,,,,,,,,,,,,,,
,, ,,,,,,,,,,,,,,,,,,,,,,,,,,,
,, ,,,,,,,,,,,,,,,,,,,,,,,,,,,
,, ,,,,,,,,,,,,,,,,,,,,,,,,,,,
,, ,,,,,,,,,,,,,,,,,,,,,,,,,,,
,, ,,,,,,,,,,,,,,,,,,,,,,,,,,,
,, ,,,,,,,,,,,,,,,,,,,,,,,,,,,
,, ,,,,,,,,,,,,,,,,,,,,,,,,,,,
,, ,,,,,,,,,,,,,,,,,,,,,,,,,,,
,, ,,,,,,,,,,,,,,,,,,,,,,,,,,,
,, ,,,,,,,,,,,,,,,,,,,,,,,,,,,
,, ,,,,,,,,,,,,,,,,,,,,,,,,,,,
,, ,,,,,,,,,,,,,,,,,,,,,,,,,,,
,, ,,,,,,,,,,,,,,,,,,,,,,,,,,,
,, ,,,,,,,,,,,,,,,,,,,,,,,,,,,
,, ,,,,,,,,,,,,,,,,,,,,,,,,,,,
,, ,,,,,,,,,,,,,,,,,,,,,,,,,,,
,, ,,,,,,,,,,,,,,,,,,,,,,,,,,,
,, ,,,,,,,,,,,,,,,,,,,,,,,,,,,
,, ,,,,,,,,,,,,,,,,,,,,,,,,,,,
,, ,,,,,,,,,,,,,,,,,,,,,,,,,,,
,, ,,,,,,,,,,,,,,,,,,,,,,,,,,,
,, ,,,,,,,,,,,,,,,,,,,,,,,,,,,
,, ,,,,,,,,,,,,,,,,,,,,,,,,,,,
,, ,,,,,,,,,,,,,,,,,,,,,,,,,,,
,, ,,,,,,,,,,,,,,,,,,,,,,,,,,,
,, ,,,,,,,,,,,,,,,,,,,,,,,,,,,
,, ,,,,,,,,,,,,,,,,,,,,,,,,,,,
,, ,,,,,,,,,,,,,,,,,,,,,,,,,,,
,, ,,,,,,,,,,,,,,,,,,,,,,,,,,,
,, ,,,,,,,,,,,,,,,,,,,,,,,,,,,
,, ,,,,,,,,,,,,,,,,,,,,,,,,,,,
,, ,,,,,,,,,,,,,,,,,,,,,,,,,,,
,, ,,,,,,,,,,,,,,,,,,,,,,,,,,,
,, ,,,,,,,,,,,,,,,,,,,,,,,,,,,
,, ,,,,,,,,,,,,,,,,,,,,,,,,,,,
,, ,,,,,,,,,,,,,,,,,,,,,,,,,,,
,, ,,,,,,,,,,,,,,,,,,,,,,,,,,,
,, ,,,,,,,,,,,,,,,,,,,,,,,,,,,
,, ,,,,,,,,,,,,,,,,,,,,,,,,,,,
,, ,,,,,,,,,,,,,,,,,,,,,,,,,,,
,, ,,,,,,,,,,,,,,,,,,,,,,,,,,,
,, ,,,,,,,,,,,,,,,,,,,,,,,,,,,
,, ,,,,,,,,,,,,,,,,,,,,,,,,,,,
,, ,,,,,,,,,,,,,,,,,,,,,,,,,,,
,, ,,,,,,,,,,,,,,,,,,,,,,,,,,,
,, ,,,,,,,,,,,,,,,,,,,,,,,,,,,
,, ,,,,,,,,,,,,,,,,,,,,,,,,,,,
,, ,,,,,,,,,,,,,,,,,,,,,,,,,,,
,, ,,,,,,,,,,,,,,,,,,,,,,,,,,,
,, ,,,,,,,,,,,,,,,,,,,,,,,,,,,
,, ,,,,,,,,,,,,,,,,,,,,,,,,,,,
,, ,,,,,,,,,,,,,,,,,,,,,,,,,,,
,, ,,,,,,,,,,,,,,,,,,,,,,,,,,,
,, ,,,,,,,,,,,,,,,,,,,,,,,,,,,
,, ,,,,,,,,,,,,,,,,,,,,,,,,,,,
,, ,,,,,,,,,,,,,,,,,,,,,,,,,,,
,, ,,,,,,,,,,,,,,,,,,,,,,,,,,,
,, ,,,,,,,,,,,,,,,,,,,,,,,,,,,
