Temperature,Growth,Metal_source,Metal_amount (g),Metal_mmol (mmol),Metal_concentration (mmol/g),Chalcogen_source,Chalcogen_amount (g),Chalcogen_mmol (mmol),Chalcogen_concentration (mmol/g),Metal/Se_ratio,Carboxylic_Acid,CA_amount (g),CA_mmol (mmol),Cd/CA_ratio,Amines,Amines_amount (g),Phosphines,Phosphines_amount (g),Phosphines_mmol (mmol),Chalcogen/Ph_ratio,Solvent I,S_I_amount (g),Solvent II,S_II_amount (g),Total_amount (g),Time_min (min),Purification antisolvent,Diameter_nm,FWHM (nm),Absorbance max (nm),PL max (nm),PLQY (%),Phase,Diameter from,Citation
225,225,cadmium oxide,0.01,0.1,0.01,Se powder,0.03,0.38,0.04,0.27,oleic acid,0.54,1.9,0.05,None,0,trioctylphosphine,0.33,0.9,0.42,octadecene,7.89,None,0,8.8,0.5,,2.5,,474,617,None,,TEM,Colloids and Surfaces A: Physicochemical and Engineering Aspects 2016 494 162 - 169
255,255,cadmium oxide,0.05,0.39,0.16,Se powder,0.01,0.13,0.05,3.1,stearic acid,1.6,5.66,0.07,None,0,tributylphosphine,0.82,2.21,0.06,None,0,None,0,2.48,0.17,methanol & chloroform,2.6,,526,556,None,,TEM,Colloids and Surfaces A: Physicochemical and Engineering Aspects 2014 461 (1).158-166
255,255,cadmium oxide,0.05,0.39,0.16,Se powder,0.01,0.13,0.05,3.1,stearic acid,1.6,5.66,0.07,None,0,tributylphosphine,0.82,2.21,0.06,None,0,None,0,2.48,0.34,methanol & chloroform,3.2,,559,580,None,,TEM,Colloids and Surfaces A: Physicochemical and Engineering Aspects 2014 461 (1).158-166
255,255,cadmium oxide,0.05,0.39,0.16,Se powder,0.01,0.13,0.05,3.1,stearic acid,1.6,5.66,0.07,None,0,tributylphosphine,0.82,2.21,0.06,None,0,None,0,2.48,0.68,methanol & chloroform,3.6,,574,598,None,,TEM,Colloids and Surfaces A: Physicochemical and Engineering Aspects 2014 461 (1).158-166
255,255,cadmium oxide,0.05,0.39,0.16,Se powder,0.01,0.13,0.05,3.1,stearic acid,1.6,5.66,0.07,None,0,tributylphosphine,0.82,2.21,0.06,None,0,None,0,2.48,1,methanol & chloroform,3.9,,582,601,None,,TEM,Colloids and Surfaces A: Physicochemical and Engineering Aspects 2014 461 (1).158-166
260,260,cadmium oxide,0.33,2.57,0.13,Se powder,0.23,2.85,0.15,0.9,oleic acid,16.11,57.03,0.04,None,0,trioctylphosphine,2.49,6.74,0.42,None,0,None,0,19.16,0.45,ethanol,3.23,,556,562,None,,TEM,Chemical Engineering Journal 2017 320 232-243
260,260,cadmium oxide,0.33,2.57,0.13,Se powder,0.23,2.85,0.15,0.9,oleic acid,16.11,57.03,0.04,None,0,trioctylphosphine,2.49,6.74,0.42,None,0,None,0,19.16,0.82,ethanol,3.61,,570,577,None,,TEM,Chemical Engineering Journal 2017 320 232-243
260,260,cadmium oxide,0.33,2.57,0.13,Se powder,0.23,2.85,0.15,0.9,oleic acid,16.11,57.03,0.04,None,0,trioctylphosphine,2.49,6.74,0.42,None,0,None,0,19.16,1.17,ethanol,3.86,,574,588,None,,TEM,Chemical Engineering Journal 2017 320 232-243
260,260,cadmium oxide,0.33,2.57,0.13,Se powder,0.23,2.85,0.15,0.9,oleic acid,16.11,57.03,0.04,None,0,trioctylphosphine,2.49,6.74,0.42,None,0,None,0,19.16,7.5,ethanol,4.74,,605,624,None,,TEM,Chemical Engineering Journal 2017 320 232-243
280,250,cadmium oxide,0.01,0.1,0.02,Se powder,0.01,0.1,0.02,1,oleic acid,0.27,0.95,0.11,None,0,trioctylphosphine,1.66,4.49,0.02,octadecene,3.95,None,0,5.9,20,methanol & acetone ,3.7,,578,580,None,,TEM,J. Phys. Chem. C 2011 115 27 13236 - 13241
320,280,cadmium oxide,0.08,0.65,0.03,Se powder,0.05,0.65,0.03,1,stearic acid,0.9,3.18,0.2,hexadecylamine,9.73,trioctylphosphine,5.19,14.03,0.05,trioctylphosphine oxide,9.83,None,0,25.79,1,ethanol & acetone,3.7,,577,600,None,,TEM,International Journal of Photoenergy.2012. Article ID 952610
320,280,cadmium oxide,0.08,0.65,0.03,Se powder,0.05,0.65,0.03,1,stearic acid,0.9,3.18,0.2,hexadecylamine,9.73,trioctylphosphine,5.19,14.03,0.05,trioctylphosphine oxide,9.83,None,0,25.79,0.66,ethanol & acetone,2.9,,543,577,None,,TEM,International Journal of Photoenergy.2012. Article ID 952610
320,280,cadmium oxide,0.08,0.65,0.03,Se powder,0.05,0.65,0.03,1,stearic acid,0.9,3.18,0.2,hexadecylamine,9.73,trioctylphosphine,5.19,14.03,0.05,trioctylphosphine oxide,9.83,None,0,25.79,0.33,ethanol & acetone,2.69,,530,547,None,,TEM,International Journal of Photoenergy.2012. Article ID 952610
320,280,cadmium oxide,0.08,0.65,0.03,Se powder,0.05,0.65,0.03,1,stearic acid,0.9,3.18,0.2,hexadecylamine,9.73,trioctylphosphine,5.19,14.03,0.05,trioctylphosphine oxide,9.83,None,0,25.79,166,ethanol & acetone,2.39,,506,505,None,,TEM,International Journal of Photoenergy.2012. Article ID 952610
230,230,cadmium oxide,0.026,0.2,0.2,Se powder,0.158,2,0.19,1.01,oleic acid,0.1695,0.6,3.33,hexadecylamine,0.145,trioctylphosphine,1.66,4.49,0.44,octadecene,7.89,None,0,10.0485,0.0833,methanol & propanol,2.22,,473,488,6.4,,TEM,Chem. Mater. 2009 21 1743 - 1749
210,210,cadmium oxide,0.026,0.2,0.2,Se powder,0.158,2,0.19,1.01,oleic acid,0.1695,0.6,3.33,hexadecylamine,0.145,trioctylphosphine,1.66,4.49,0.44,octadecene,7.89,None,0,10.0485,0.0833,methanol & propanol,1.9,,459,477,1.9,,TEM,Chem. Mater. 2009 21 1743 - 1749
190,190,cadmium oxide,0.026,0.2,0.2,Se powder,0.158,2,0.19,1.01,oleic acid,0.1695,0.6,3.33,hexadecylamine,0.145,trioctylphosphine,1.66,4.49,0.44,octadecene,7.89,None,0,10.0485,0.0833,methanol & propanol,1.8,,440,459,1.6,,TEM,Chem. Mater. 2009 21 1743 - 1749
170,170,cadmium oxide,0.026,0.2,0.2,Se powder,0.158,2,0.19,1.01,oleic acid,0.1695,0.6,3.33,hexadecylamine,0.145,trioctylphosphine,1.66,4.49,0.44,octadecene,7.89,None,0,10.0485,0.0833,methanol & propanol,1.6,,427,454,0.8,,TEM,Chem. Mater. 2009 21 1743 - 1749
300,300,dimethylcadmium,0.19,1.35,0.07,Se powder,0.08,0.99,0.05,1.37,None,0,0,0,hexadecylamine,5,trioctylphosphine,0.83,2.24,0.44,trioctylphosphine oxide,14.16,None,0,20.26,18,methanol,3.9,,520,535,None,,TEM,Nano Letters 2001 1 4 207 - 211
300,300,dimethylcadmium,0.19,1.35,0.07,Se powder,0.08,0.99,0.05,1.37,None,0,0,0,hexadecylamine,5,trioctylphosphine,0.83,2.24,0.44,trioctylphosphine oxide,14.16,None,0,20.26,50,methanol,4.07,,548,558,None,,TEM,Nano Letters 2001 1 4 207 - 211
300,300,dimethylcadmium,0.19,1.35,0.07,Se powder,0.08,0.99,0.05,1.37,None,0,0,0,hexadecylamine,5,trioctylphosphine,0.83,2.24,0.44,trioctylphosphine oxide,14.16,None,0,20.26,100,methanol,4.19,,570,580,None,,TEM,Nano Letters 2001 1 4 207 - 211
300,300,dimethylcadmium,0.19,1.35,0.07,Se powder,0.08,0.99,0.05,1.37,None,0,0,0,hexadecylamine,5,trioctylphosphine,0.83,2.24,0.44,trioctylphosphine oxide,14.16,None,0,20.26,150,methanol,4.3,,580,590,None,,TEM,Nano Letters 2001 1 4 207 - 211
300,300,dimethylcadmium,0.19,1.35,0.07,Se powder,0.08,0.99,0.05,1.37,None,0,0,0,hexadecylamine,5,trioctylphosphine,0.83,2.24,0.44,trioctylphosphine oxide,14.16,None,0,20.26,200,methanol,4.39,,595,600,None,,TEM,Nano Letters 2001 1 4 207 - 211
300,300,dimethylcadmium,0.19,1.35,0.07,Se powder,0.08,0.99,0.05,1.37,None,0,0,0,hexadecylamine,5,trioctylphosphine,0.83,2.24,0.44,trioctylphosphine oxide,14.16,None,0,20.26,228,methanol,4.9,,630,640,None,,TEM,Nano Letters 2001 1 4 207 - 211
300,300,dimethylcadmium,0.19,1.35,0.07,Se powder,0.08,0.99,0.05,1.37,None,0,0,0,hexadecylamine,5,trioctylphosphine,0.83,2.24,0.44,trioctylphosphine oxide,14.16,None,0,20.26,250,methanol,5.05,,640,650,None,,TEM,Nano Letters 2001 1 4 207 - 211
250,250,cadmium stearate,0.2,0.3,0.02,Se powder,0.02,0.3,0.02,1.01,None,0,0,0,oleylamine,5,tributylphosphine,4,10.8,0.03,trioctylphosphine oxide,5,None,0,14.23,0.167,methanol,1.92,,460,470,None,Zinc Blende,TEM,Chemistry Letters 2005 34 7 1004 - 1005
250,250,cadmium stearate,0.2,0.3,0.02,Se powder,0.02,0.3,0.02,1.01,None,0,0,0,oleylamine,5,tributylphosphine,4,10.8,0.03,trioctylphosphine oxide,5,None,0,14.23,5,methanol,2.87,,540,550,None,Zinc Blende,TEM,Chemistry Letters 2005 34 7 1004 - 1005
250,250,cadmium stearate,0.2,0.3,0.02,Se powder,0.02,0.3,0.02,1.01,None,0,0,0,oleylamine,5,tributylphosphine,4,10.8,0.03,trioctylphosphine oxide,5,None,0,14.23,15,methanol,3.02,,550,565,None,Zinc Blende,TEM,Chemistry Letters 2005 34 7 1004 - 1005
250,250,cadmium stearate,0.2,0.3,0.02,Se powder,0.02,0.3,0.02,1.01,None,0,0,0,oleylamine,5,tributylphosphine,4,10.8,0.03,trioctylphosphine oxide,5,None,0,14.23,30,methanol,3.15,,555,570,None,Zinc Blende,TEM,Chemistry Letters 2005 34 7 1004 - 1005
250,250,cadmium stearate,0.2,0.3,0.02,Se powder,0.02,0.3,0.02,1.01,None,0,0,0,oleylamine,5,tributylphosphine,4,10.8,0.03,trioctylphosphine oxide,5,None,0,14.23,60,methanol,3.38,,565,575,None,Zinc Blende,TEM,Chemistry Letters 2005 34 7 1004 - 1005
250,250,cadmium stearate,0.2,0.3,0.02,Se powder,0.02,0.3,0.02,1.01,None,0,0,0,oleylamine,5,tributylphosphine,4,10.8,0.03,trioctylphosphine oxide,5,None,0,14.23,180,methanol,3.57,,580,580,None,Zinc Blende,TEM,Chemistry Letters 2005 34 7 1004 - 1005
280,280,cadmium oxide,0.1,0.8,0.05,Se powder,0.03,0.4,0.02,2.02,myrstic acid,0.55,1.94,0.41,None,0,None,0,0,0,octadecene,15.78,None,0,16.46,0.03,2-propanol and methanol,1.3,,410,435,None,Zinc Blende,TEM,Optical Materials. 2017 66 59 - 64
280,280,cadmium oxide,0.1,0.8,0.05,Se powder,0.03,0.4,0.02,2.02,myrstic acid,0.55,1.94,0.41,None,0,None,0,0,0,octadecene,15.78,None,0,16.46,0.08,2-propanol and methanol,1.7,,435,455,None,Zinc Blende,TEM,Optical Materials. 2017 66 59 - 64
280,280,cadmium oxide,0.1,0.8,0.05,Se powder,0.03,0.4,0.02,2.02,myrstic acid,0.55,1.94,0.41,None,0,None,0,0,0,octadecene,15.78,None,0,16.46,0.17,2-propanol and methanol,2.1,,470,480,None,Zinc Blende,TEM,Optical Materials. 2017 66 59 - 64
280,280,cadmium oxide,0.1,0.8,0.05,Se powder,0.03,0.4,0.02,2.02,myrstic acid,0.55,1.94,0.41,None,0,None,0,0,0,octadecene,15.78,None,0,16.46,0.33,2-propanol and methanol,2.5,,490,515,None,Zinc Blende,TEM,Optical Materials. 2017 66 59 - 64
280,280,cadmium oxide,0.1,0.8,0.05,Se powder,0.03,0.4,0.02,2.02,myrstic acid,0.55,1.94,0.41,None,0,None,0,0,0,octadecene,15.78,None,0,16.46,0.5,2-propanol and methanol,2.8,,508,525,None,Zinc Blende,TEM,Optical Materials. 2017 66 59 - 64
280,280,cadmium oxide,0.1,0.8,0.05,Se powder,0.03,0.4,0.02,2.02,myrstic acid,0.55,1.94,0.41,None,0,None,0,0,0,octadecene,15.78,None,0,16.46,0.67,2-propanol and methanol,2.9,,512,528,None,Zinc Blende,TEM,Optical Materials. 2017 66 59 - 64
280,280,cadmium oxide,0.1,0.8,0.05,Se powder,0.03,0.4,0.02,2.02,myrstic acid,0.55,1.94,0.41,None,0,None,0,0,0,octadecene,15.78,None,0,16.46,0.83,2-propanol and methanol,3.1,,520,530,None,Zinc Blende,TEM,Optical Materials. 2017 66 59 - 64
280,280,cadmium oxide,0.1,0.8,0.05,Se powder,0.03,0.4,0.02,2.02,myrstic acid,0.55,1.94,0.41,None,0,None,0,0,0,octadecene,15.78,None,0,16.46,1,2-propanol and methanol,3.3,,523,535,None,Zinc Blende,TEM,Optical Materials. 2017 66 59 - 64
280,280,cadmium oxide,0.1,0.8,0.05,Se powder,0.03,0.4,0.02,2.02,myrstic acid,0.55,1.94,0.41,None,0,None,0,0,0,octadecene,15.78,None,0,16.46,3,2-propanol and methanol,3.8,,535,550,None,Zinc Blende,TEM,Optical Materials. 2017 66 59 - 64
280,280,cadmium oxide,0.1,0.8,0.05,Se powder,0.03,0.4,0.02,2.02,myrstic acid,0.55,1.94,0.41,None,0,None,0,0,0,octadecene,15.78,None,0,16.46,5,2-propanol and methanol,4.2,,560,570,None,Zinc Blende,TEM,Optical Materials. 2017 66 59 - 64
280,280,cadmium oxide,0.1,0.8,0.05,Se powder,0.03,0.4,0.02,2.02,myrstic acid,0.55,1.94,0.41,None,0,None,0,0,0,octadecene,15.78,None,0,16.46,10,2-propanol and methanol,4.6,,575,580,None,Zinc Blende,TEM,Optical Materials. 2017 66 59 - 64
280,280,cadmium oxide,0.1,0.8,0.05,Se powder,0.03,0.4,0.02,2.02,myrstic acid,0.55,1.94,0.41,None,0,None,0,0,0,octadecene,15.78,None,0,16.46,40,2-propanol and methanol,4.7,,587,595,None,Zinc Blende,TEM,Optical Materials. 2017 66 59 - 64
70,170,cadmium acetate,0.13,0.56,0.03,Se powder,0.01,0.18,0.01,3.04,oleic acid,0.9,3.17,0.18,None,0,tributylphosphine,0.16,0.44,0.41,phenyl ether,14.98,None,0,16.18,3,methanol,2.1208,,475,507,None,Zinc Blende,absorbance spectra,Colloids and Surfaces A: Physicochem. Eng. Aspects 2006 272 111 - 116
70,170,cadmium acetate,0.13,0.56,0.03,Se powder,0.01,0.18,0.01,3.04,oleic acid,0.9,3.17,0.18,None,0,tributylphosphine,0.16,0.44,0.41,phenyl ether,14.98,None,0,16.18,7,methanol,2.25,,490,542,None,Zinc Blende,absorbance spectra,Colloids and Surfaces A: Physicochem. Eng. Aspects 2006 272 111 - 116
70,170,cadmium acetate,0.13,0.56,0.03,Se powder,0.01,0.18,0.01,3.04,oleic acid,0.9,3.17,0.18,None,0,tributylphosphine,0.16,0.44,0.41,phenyl ether,14.98,None,0,16.18,16,methanol,2.299,,495,525,None,Zinc Blende,absorbance spectra,Colloids and Surfaces A: Physicochem. Eng. Aspects 2006 272 111 - 116
70,170,cadmium acetate,0.13,0.56,0.03,Se powder,0.01,0.18,0.01,3.04,oleic acid,0.9,3.17,0.18,None,0,tributylphosphine,0.16,0.44,0.41,phenyl ether,14.98,None,0,16.18,24,methanol,2.4065,,505,530,None,Zinc Blende,absorbance spectra,Colloids and Surfaces A: Physicochem. Eng. Aspects 2006 272 111 - 116
70,170,cadmium acetate,0.13,0.56,0.03,Se powder,0.01,0.18,0.01,3.04,oleic acid,0.9,3.17,0.18,None,0,tributylphosphine,0.16,0.44,0.41,phenyl ether,14.98,None,0,16.18,36,methanol,2.4527,,510,535,None,Zinc Blende,absorbance spectra,Colloids and Surfaces A: Physicochem. Eng. Aspects 2006 272 111 - 116
70,170,cadmium acetate,0.13,0.56,0.03,Se powder,0.01,0.18,0.01,3.04,oleic acid,0.9,3.17,0.18,None,0,tributylphosphine,0.16,0.44,0.41,phenyl ether,14.98,None,0,16.18,50,methanol,2.4664,,512,540,None,Zinc Blende,absorbance spectra,Colloids and Surfaces A: Physicochem. Eng. Aspects 2006 272 111 - 116
70,140,cadmium acetate,0.13,0.56,0.03,Se powder,0.01,0.18,0.01,3.04,oleic acid,0.9,3.17,0.18,None,0,tributylphosphine,0.16,0.44,0.41,phenyl ether,14.98,None,0,16.18,3,methanol,1.9138,,445,490,None,Zinc Blende,absorbance spectra,Colloids and Surfaces A: Physicochem. Eng. Aspects 2006 272 111 - 116
70,140,cadmium acetate,0.13,0.56,0.03,Se powder,0.01,0.18,0.01,3.04,oleic acid,0.9,3.17,0.18,None,0,tributylphosphine,0.16,0.44,0.41,phenyl ether,14.98,None,0,16.18,7,methanol,2.0272,,460,500,None,Zinc Blende,absorbance spectra,Colloids and Surfaces A: Physicochem. Eng. Aspects 2006 272 111 - 116
70,140,cadmium acetate,0.13,0.56,0.03,Se powder,0.01,0.18,0.01,3.04,oleic acid,0.9,3.17,0.18,None,0,tributylphosphine,0.16,0.44,0.41,phenyl ether,14.98,None,0,16.18,16,methanol,2.1516,,477,505,None,Zinc Blende,absorbance spectra,Colloids and Surfaces A: Physicochem. Eng. Aspects 2006 272 111 - 116
70,140,cadmium acetate,0.13,0.56,0.03,Se powder,0.01,0.18,0.01,3.04,oleic acid,0.9,3.17,0.18,None,0,tributylphosphine,0.16,0.44,0.41,phenyl ether,14.98,None,0,16.18,24,methanol,2.2015,,480,513,None,Zinc Blende,absorbance spectra,Colloids and Surfaces A: Physicochem. Eng. Aspects 2006 272 111 - 116
70,140,cadmium acetate,0.13,0.56,0.03,Se powder,0.01,0.18,0.01,3.04,oleic acid,0.9,3.17,0.18,None,0,tributylphosphine,0.16,0.44,0.41,phenyl ether,14.98,None,0,16.18,36,methanol,2.2939,,495,521,None,Zinc Blende,absorbance spectra,Colloids and Surfaces A: Physicochem. Eng. Aspects 2006 272 111 - 116
70,140,cadmium acetate,0.13,0.56,0.03,Se powder,0.01,0.18,0.01,3.04,oleic acid,0.9,3.17,0.18,None,0,tributylphosphine,0.16,0.44,0.41,phenyl ether,14.98,None,0,16.18,50,methanol,2.3523,,503,525,None,Zinc Blende,absorbance spectra,Colloids and Surfaces A: Physicochem. Eng. Aspects 2006 272 111 - 116
70,110,cadmium acetate,0.13,0.56,0.03,Se powder,0.01,0.18,0.01,3.04,oleic acid,0.9,3.17,0.18,None,0,tributylphosphine,0.16,0.44,0.41,phenyl ether,14.98,None,0,16.18,16,methanol,1.9458,,455,490,None,Zinc Blende,absorbance spectra,Colloids and Surfaces A: Physicochem. Eng. Aspects 2006 272 111 - 116
70,110,cadmium acetate,0.13,0.56,0.03,Se powder,0.01,0.18,0.01,3.04,oleic acid,0.9,3.17,0.18,None,0,tributylphosphine,0.16,0.44,0.41,phenyl ether,14.98,None,0,16.18,24,methanol,2.0144,,460,495,None,Zinc Blende,absorbance spectra,Colloids and Surfaces A: Physicochem. Eng. Aspects 2006 272 111 - 116
70,110,cadmium acetate,0.13,0.56,0.03,Se powder,0.01,0.18,0.01,3.04,oleic acid,0.9,3.17,0.18,None,0,tributylphosphine,0.16,0.44,0.41,phenyl ether,14.98,None,0,16.18,36,methanol,2.0673,,465,497,None,Zinc Blende,absorbance spectra,Colloids and Surfaces A: Physicochem. Eng. Aspects 2006 272 111 - 116
70,110,cadmium acetate,0.13,0.56,0.03,Se powder,0.01,0.18,0.01,3.04,oleic acid,0.9,3.17,0.18,None,0,tributylphosphine,0.16,0.44,0.41,phenyl ether,14.98,None,0,16.18,50,methanol,2.0995,,470,500,None,Zinc Blende,absorbance spectra,Colloids and Surfaces A: Physicochem. Eng. Aspects 2006 272 111 - 116
300,230,cadmium oxide,0.06,0.47,0.02,Se powder,0.04,0.47,0.02,1,oleic acid,1.49,5.27,0.09,None,0,trioctylphosphine,1.16,3.13,0.15,octadecene,17.2,phosphinic acid,0.6,20.55,0.17,None,2.4731,None,491,504,None,Wurtzite,absorbance spectra,J. Phys. Chem. B 2005 109 44 20665 - 20668
300,230,cadmium oxide,0.06,0.47,0.02,Se powder,0.04,0.47,0.02,1,oleic acid,1.49,5.27,0.09,None,0,trioctylphosphine,1.16,3.13,0.15,octadecene,17.2,phosphinic acid,0.6,20.55,0.5,None,2.9895,None,537,547,None,Wurtzite,absorbance spectra,J. Phys. Chem. B 2005 109 44 20665 - 20668
300,230,cadmium oxide,0.06,0.47,0.02,Se powder,0.04,0.47,0.02,1,oleic acid,1.49,5.27,0.09,None,0,trioctylphosphine,1.16,3.13,0.15,octadecene,17.2,phosphinic acid,0.6,20.55,1,None,3.3729,None,553,563,None,Wurtzite,absorbance spectra,J. Phys. Chem. B 2005 109 44 20665 - 20668
300,230,cadmium oxide,0.06,0.47,0.02,Se powder,0.04,0.47,0.02,1,oleic acid,1.49,5.27,0.09,None,0,trioctylphosphine,1.16,3.13,0.15,octadecene,17.2,phosphinic acid,0.6,20.55,3,None,3.6857,None,565,575,None,Wurtzite,absorbance spectra,J. Phys. Chem. B 2005 109 44 20665 - 20668
300,230,cadmium oxide,0.06,0.47,0.02,Se powder,0.04,0.47,0.02,1,oleic acid,1.49,5.27,0.09,None,0,trioctylphosphine,1.16,3.13,0.15,octadecene,17.2,phosphinic acid,0.6,20.55,5,None,3.8215,None,568,578,None,Wurtzite,absorbance spectra,J. Phys. Chem. B 2005 109 44 20665 - 20668
300,230,cadmium oxide,0.06,0.47,0.02,Se powder,0.04,0.47,0.02,1,oleic acid,1.49,5.27,0.09,None,0,trioctylphosphine,1.16,3.13,0.15,octadecene,17.2,phosphinic acid,0.6,20.55,10,None,3.8785,None,570,583,None,Wurtzite,absorbance spectra,J. Phys. Chem. B 2005 109 44 20665 - 20668
300,230,cadmium oxide,0.06,0.47,0.02,Se powder,0.04,0.47,0.02,1,oleic acid,1.49,5.27,0.09,None,0,trioctylphosphine,1.16,3.13,0.15,octadecene,17.2,phosphinic acid,0.6,20.55,20,None,4.0901,None,575,586,None,Wurtzite,absorbance spectra,J. Phys. Chem. B 2005 109 44 20665 - 20668
300,230,cadmium oxide,0.06,0.47,0.02,Se powder,0.04,0.47,0.02,1,oleic acid,1.49,5.27,0.09,None,0,None,0,0,0,octadecene,18.3,phosphinic acid,0.6,20.49,0.17,None,2.34,None,472,498,None,Wurtzite,absorbance spectra,J. Phys. Chem. B 2005 109 44 20665 - 20668
300,230,cadmium oxide,0.06,0.47,0.02,Se powder,0.04,0.47,0.02,1,oleic acid,1.49,5.27,0.09,None,0,None,0,0,0,octadecene,18.3,phosphinic acid,0.6,20.49,0.5,None,2.7943,None,519,537,None,Wurtzite,absorbance spectra,J. Phys. Chem. B 2005 109 44 20665 - 20668
300,230,cadmium oxide,0.06,0.47,0.02,Se powder,0.04,0.47,0.02,1,oleic acid,1.49,5.27,0.09,None,0,None,0,0,0,octadecene,18.3,phosphinic acid,0.6,20.49,1,None,2.9968,None,532,547,None,Wurtzite,absorbance spectra,J. Phys. Chem. B 2005 109 44 20665 - 20668
300,230,cadmium oxide,0.06,0.47,0.02,Se powder,0.04,0.47,0.02,1,oleic acid,1.49,5.27,0.09,None,0,None,0,0,0,octadecene,18.3,phosphinic acid,0.6,20.49,5,None,3.161,None,542,555,None,Wurtzite,absorbance spectra,J. Phys. Chem. B 2005 109 44 20665 - 20668
300,230,cadmium oxide,0.06,0.47,0.02,Se powder,0.04,0.47,0.02,1,oleic acid,1.49,5.27,0.09,None,0,None,0,0,0,octadecene,18.3,phosphinic acid,0.6,20.49,20,None,3.4157,None,550,566,None,Wurtzite,absorbance spectra,J. Phys. Chem. B 2005 109 44 20665 - 20668
300,230,cadmium oxide,0.06,0.47,0.02,Se powder,0.04,0.47,0.02,1,oleic acid,1.49,5.27,0.09,None,0,None,0,0,0,octadecene,27.9,None,0,29.49,0.17,None,2.5094,None,501,511,None,Zinc Blende,absorbance spectra,J. Phys. Chem. B 2005 109 44 20665 - 20668
300,230,cadmium oxide,0.06,0.47,0.02,Se powder,0.04,0.47,0.02,1,oleic acid,1.49,5.27,0.09,None,0,None,0,0,0,octadecene,27.9,None,0,29.49,0.5,None,2.9639,None,532,542,None,Zinc Blende,absorbance spectra,J. Phys. Chem. B 2005 109 44 20665 - 20668
300,230,cadmium oxide,0.06,0.47,0.02,Se powder,0.04,0.47,0.02,1,oleic acid,1.49,5.27,0.09,None,0,None,0,0,0,octadecene,27.9,None,0,29.49,1,None,3.2593,None,542,558,None,Zinc Blende,absorbance spectra,J. Phys. Chem. B 2005 109 44 20665 - 20668
300,230,cadmium oxide,0.06,0.47,0.02,Se powder,0.04,0.47,0.02,1,oleic acid,1.49,5.27,0.09,None,0,None,0,0,0,octadecene,27.9,None,0,29.49,3,None,3.6297,None,555,573,None,Zinc Blende,absorbance spectra,J. Phys. Chem. B 2005 109 44 20665 - 20668
300,230,cadmium oxide,0.06,0.47,0.02,Se powder,0.04,0.47,0.02,1,oleic acid,1.49,5.27,0.09,None,0,None,0,0,0,octadecene,27.9,None,0,29.49,5,None,3.7911,None,558,578,None,Zinc Blende,absorbance spectra,J. Phys. Chem. B 2005 109 44 20665 - 20668
300,230,cadmium oxide,0.06,0.47,0.02,Se powder,0.04,0.47,0.02,1,oleic acid,1.49,5.27,0.09,None,0,None,0,0,0,octadecene,27.9,None,0,29.49,10,None,3.9063,None,560,581,None,Zinc Blende,absorbance spectra,J. Phys. Chem. B 2005 109 44 20665 - 20668
300,230,cadmium oxide,0.06,0.47,0.02,Se powder,0.04,0.47,0.02,1,oleic acid,1.49,5.27,0.09,None,0,None,0,0,0,octadecene,27.9,None,0,29.49,20,None,4.0278,None,563,584,None,Zinc Blende,absorbance spectra,J. Phys. Chem. B 2005 109 44 20665 - 20668
330,330,cadmium oxide,0.128,1,0.06,Se powder,0.1579,2,0.12,0.5,dodecylphosphonic acid,0.5,2,0.12,hexadecylamine,4,tributylphosphine,6.1,30.15,0.0663,trioctylphosphine oxide,0,None,6,16.89,0.13,methanol,1.7,None,409,440,8,Wurtzite,TEM,J. Am. Chem. Soc. 2012 134 19 8006 - 8009
290,290,cadmium oxide,0.013,0.1,0.01,Se powder,0.008,0.1013,0.01,1,oleic acid,1.31,4.64,0.38,None,0,trioctylphosphine,1,2.7,0.0375,octadecene,9.91,None,0,12.24,0.083,methanol,2.28,35,508,523,None,Wurtzite,TEM,J. Phys. Chem. C 2008 112 46 17849 - 17854
290,290,cadmium oxide,0.013,0.1,0.01,Se powder,0.008,0.1013,0.01,1,oleic acid,1.31,4.64,0.38,None,0,trioctylphosphine,1,2.7,0.0375,octadecene,9.91,None,0,12.24,1,methanol,3.28,26,585,604,None,Wurtzite,TEM,J. Phys. Chem. C 2008 112 46 17849 - 17854
230,230,cadmium oxide,0.51,3.97,0.0367,Se powder,0.1,1.3,0.012,3.0538,oleic acid,5.54,19.6,0.2026,None,0,trioctylphosphine,0.5,1.35,0.963,octadecene,101.4,None,0,108.05,1.5,methanol & acetone ,2.5,None,524,544,None,None,TEM,Appl. Phys. Lett. 2009 94 153115
250,250,cadmium oxide,0.51,3.97,0.0367,Se powder,0.1,1.3,0.012,3.0538,oleic acid,5.54,19.6,0.2026,None,0,trioctylphosphine,0.5,1.35,0.963,octadecene,101.4,None,0,108.05,1.5,methanol & acetone ,3,None,555,577,None,None,TEM,Appl. Phys. Lett. 2009 94 153115
270,270,cadmium oxide,0.51,3.97,0.0367,Se powder,0.1,1.3,0.012,3.0538,oleic acid,5.54,19.6,0.2026,None,0,trioctylphosphine,0.5,1.35,0.963,octadecene,101.4,None,0,108.05,1.5,methanol & acetone ,4,None,592,610,None,None,TEM,Appl. Phys. Lett. 2009 94 153115
290,290,cadmium oxide,0.51,3.97,0.0367,Se powder,0.1,1.3,0.012,3.0538,oleic acid,5.54,19.6,0.2026,None,0,trioctylphosphine,0.5,1.35,0.963,octadecene,101.4,None,0,108.05,1.5,methanol & acetone ,4.5,None,603,625,None,None,TEM,Appl. Phys. Lett. 2009 94 153115
320,290,cadmium oxide,0.013,0.1,0.0167,Se powder,0.079,1,0.1665,0.1,stearic acid,0.114,0.4,0.25,dioctylamine/hexadecylamine,3.621,tributylphosphine,0.238,1.18,0.8475,trioctylphosphine oxide,1.94,None,0,6.0047,0.083,methanol,2.28,,495,509,,Wurtzite,TEM,J. Am. Chem. Soc. 2002 124 9 2049 - 2055
320,290,cadmium oxide,0.013,0.1,0.0167,Se powder,0.079,1,0.1665,0.1,stearic acid,0.114,0.4,0.25,dioctylamine/hexadecylamine,3.621,tributylphosphine,0.238,1.18,0.8475,trioctylphosphine oxide,1.94,None,0,6.0047,0.383,methanol,3.02,,551,563,,Wurtzite,TEM,J. Am. Chem. Soc. 2002 124 9 2049 - 2055
320,290,cadmium oxide,0.013,0.1,0.0167,Se powder,0.079,1,0.1665,0.1,stearic acid,0.114,0.4,0.25,dioctylamine/hexadecylamine,3.621,tributylphosphine,0.238,1.18,0.8475,trioctylphosphine oxide,1.94,None,0,6.0047,0.75,methanol,3.66,,579,591,,Wurtzite,TEM,J. Am. Chem. Soc. 2002 124 9 2049 - 2055
320,290,cadmium oxide,0.013,0.1,0.0167,Se powder,0.079,1,0.1665,0.1,stearic acid,0.114,0.4,0.25,dioctylamine/hexadecylamine,3.621,tributylphosphine,0.238,1.18,0.8475,trioctylphosphine oxide,1.94,None,0,6.0047,2.5,methanol,4.86,,607,617,,Wurtzite,TEM,J. Am. Chem. Soc. 2002 124 9 2049 - 2055
320,290,cadmium oxide,0.013,0.1,0.0167,Se powder,0.079,1,0.1665,0.1,stearic acid,0.114,0.4,0.25,dioctylamine/hexadecylamine,3.621,tributylphosphine,0.238,1.18,0.8475,trioctylphosphine oxide,1.94,None,0,6.0047,6.167,methanol,5.11,,611,623,,Wurtzite,TEM,J. Am. Chem. Soc. 2002 124 9 2049 - 2055
320,290,cadmium oxide,0.013,0.1,0.0167,Se powder,0.079,1,0.1665,0.1,stearic acid,0.114,0.4,0.25,dioctylamine/hexadecylamine,3.621,tributylphosphine,0.238,1.18,0.8475,trioctylphosphine oxide,1.94,None,0,6.0047,10.167,methanol,5.16,,615,627,,Wurtzite,TEM,J. Am. Chem. Soc. 2002 124 9 2049 - 2055
300,280,cadmium oxide,0.064,0.5,0.0239,Se powder,0.1185,1.5,0.0717,0.3333,stearic acid,0.569,2,0.25,hexadecylamine,9.6584,trioctylphosphine,0.85,2.3,0.6522,trioctylphosphine oxide,9.665,None,0,20.9251,1,,1.76,,571,581,,Wurtzite,TEM,J. Phys. Chem. C 2009 113 1 31 - 36
300,280,cadmium oxide,0.064,0.5,0.0239,Se powder,0.1185,1.5,0.0717,0.3333,stearic acid,0.569,2,0.25,hexadecylamine,9.6584,trioctylphosphine,0.85,2.3,0.6522,trioctylphosphine oxide,9.665,None,0,20.9251,10,,1.99,,582,592,,Wurtzite,TEM,J. Phys. Chem. C 2009 113 1 31 - 36
180,180,cadmium oxide,0.05,0.39,0.0252,Se powder,0.01,0.126,0.0081,3.095238095,stearic acid,0.6,2.1,0.1857,None,0,tributylphosphine,0.036,0.18,0.7,liquid parafin,14,None,0,15.5,0.33,methanol,1.97,None,465,480,None,Zinc blende,TEM,Colloids and Surfaces A: Physicochem. Eng. Aspects 2008 316 37 - 45
180,180,cadmium oxide,0.05,0.39,0.0252,Se powder,0.01,0.126,0.0081,3.095238095,stearic acid,0.6,2.1,0.1857,None,0,tributylphosphine,0.036,0.18,0.7,liquid parafin,14,None,0,15.5,0.66,methanol,2.17,None,495,520,None,Zinc blende,TEM,Colloids and Surfaces A: Physicochem. Eng. Aspects 2008 316 37 - 45
180,180,cadmium oxide,0.05,0.39,0.0252,Se powder,0.01,0.126,0.0081,3.095238095,stearic acid,0.6,2.1,0.1857,None,0,tributylphosphine,0.036,0.18,0.7,liquid parafin,14,None,0,15.5,10,methanol,2.84,None,555,570,None,Zinc blende,TEM,Colloids and Surfaces A: Physicochem. Eng. Aspects 2008 316 37 - 45
265,265,cadmium oxide,0.05,0.39,0.0252,Se powder,0.01,0.126,0.0081,3.095238095,stearic acid,0.6,2.1,0.1857,None,0,tributylphosphine,0.036,0.18,0.7,liquid parafin,14,None,0,15.5,0.33,methanol,2.57,None,525,540,None,Zinc blende,TEM,Colloids and Surfaces A: Physicochem. Eng. Aspects 2008 316 37 - 45
265,265,cadmium oxide,0.05,0.39,0.0252,Se powder,0.01,0.126,0.0081,3.095238095,stearic acid,0.6,2.1,0.1857,None,0,tributylphosphine,0.036,0.18,0.7,liquid parafin,14,None,0,15.5,0.66,methanol,3.25,None,565,575,None,Zinc blende,TEM,Colloids and Surfaces A: Physicochem. Eng. Aspects 2008 316 37 - 45
265,265,cadmium oxide,0.05,0.39,0.0252,Se powder,0.01,0.126,0.0081,3.095238095,stearic acid,0.6,2.1,0.1857,None,0,tributylphosphine,0.036,0.18,0.7,liquid parafin,14,None,0,15.5,10,methanol,4.5,None,608,615,None,Zinc blende,TEM,Colloids and Surfaces A: Physicochem. Eng. Aspects 2008 316 37 - 45
210,210,cadmium oxide,0.05,0.39,0.026546865,Se powder,0.005,0.065,0.004424478,6,stearic acid,0.6,2.1,0.1857,None,0,tributylphosphine,0.036,0.18,0.7,liquid parafin,14,None,0,14.691,0.33,methanol,2.02,None,465,480,None,Zinc blende,TEM,Colloids and Surfaces A: Physicochem. Eng. Aspects 2008 316 37 - 45
210,210,cadmium oxide,0.05,0.39,0.026546865,Se powder,0.005,0.065,0.004424478,6,stearic acid,0.6,2.1,0.1857,None,0,tributylphosphine,0.036,0.18,0.7,liquid parafin,14,None,0,14.691,0.66,methanol,2.32,None,508,518,None,Zinc blende,TEM,Colloids and Surfaces A: Physicochem. Eng. Aspects 2008 316 37 - 45
210,210,cadmium oxide,0.05,0.39,0.026546865,Se powder,0.005,0.065,0.004424478,6,stearic acid,0.6,2.1,0.1857,None,0,tributylphosphine,0.036,0.18,0.7,liquid parafin,14,None,0,14.691,10,methanol,3.31,None,570,580,None,Zinc blende,TEM,Colloids and Surfaces A: Physicochem. Eng. Aspects 2008 316 37 - 45
210,210,cadmium oxide,0.05,0.39,0.026501767,Se powder,0.03,0.39,0.026501767,1,stearic acid,0.6,2.1,0.1857,None,0,tributylphosphine,0.036,0.18,0.7,liquid parafin,14,None,0,14.716,0.33,methanol,2.61,None,528,550,None,Zinc blende,TEM,Colloids and Surfaces A: Physicochem. Eng. Aspects 2008 316 37 - 45
210,210,cadmium oxide,0.05,0.39,0.026501767,Se powder,0.03,0.39,0.026501767,1,stearic acid,0.6,2.1,0.1857,None,0,tributylphosphine,0.036,0.18,0.7,liquid parafin,14,None,0,14.716,0.66,methanol,2.76,None,540,560,None,Zinc blende,TEM,Colloids and Surfaces A: Physicochem. Eng. Aspects 2008 316 37 - 45
210,210,cadmium oxide,0.05,0.39,0.026501767,Se powder,0.03,0.39,0.026501767,1,stearic acid,0.6,2.1,0.1857,None,0,tributylphosphine,0.036,0.18,0.7,liquid parafin,14,None,0,14.716,10,methanol,3.66,None,578,610,None,Zinc blende,TEM,Colloids and Surfaces A: Physicochem. Eng. Aspects 2008 316 37 - 45
225,225,cadmium oxide,0.013,0.1,0.0066,Se powder,0.06,0.759,0.0502,0.1318,oleic acid,0.67,2.37,0.0422,None,0,trioctylphosphine,0.48,0.178,4.264,octadecene,13.9,None,0,15.123,0.5,none,2.5,none,474,617,none,Zinc blende,TEM,Colloids and Surfaces A: Physicochem. Eng. Aspects 2016 494 162 - 169
240,220,cadmium stearate,0.1846,0.27,0.082,Se powder,0.0213,2.7,0.8196,0.1,None,0,0,0,None,0,triphenylphosphine,1.0294,3.92,0.6888,trioctylphosphine oxide,2.0588,None,0,3.2941,10,toluene,2,none,375,3.3,none,wurtzite,TEM,J. Am. Chem. Soc. 2005 127 12 4372 - 4375
240,220,cadmium stearate,0.1846,0.27,0.082,Se powder,0.0213,2.7,0.8196,0.1,None,0,0,0,None,0,triphenylphosphine,1.0294,3.92,0.6888,trioctylphosphine oxide,2.0588,None,0,3.2941,15,toluene,2,none,375,3.3,none,wurtzite,TEM,J. Am. Chem. Soc. 2005 127 12 4372 - 4375
240,220,cadmium stearate,0.1846,0.27,0.082,Se powder,0.0213,2.7,0.8196,0.1,None,0,0,0,None,0,triphenylphosphine,1.0294,3.92,0.6888,trioctylphosphine oxide,2.0588,None,0,3.2941,30,toluene,2,none,375,3.5,none,wurtzite,TEM,J. Am. Chem. Soc. 2005 127 12 4372 - 4375
240,220,cadmium stearate,0.1846,0.27,0.082,Se powder,0.0213,2.7,0.8196,0.1,None,0,0,0,None,0,triphenylphosphine,1.0294,3.92,0.6888,trioctylphosphine oxide,2.0588,None,0,3.2941,45,toluene,2,none,375,3.5,none,wurtzite,TEM,J. Am. Chem. Soc. 2005 127 12 4372 - 4375
240,220,cadmium stearate,0.1846,0.27,0.082,Se powder,0.0213,2.7,0.8196,0.1,None,0,0,0,None,0,triphenylphosphine,1.0294,3.92,0.6888,trioctylphosphine oxide,2.0588,None,0,3.2941,60,toluene,2,none,375,3.4,none,wurtzite,TEM,J. Am. Chem. Soc. 2005 127 12 4372 - 4375
240,220,cadmium stearate,0.1846,0.27,0.082,Se powder,0.0213,2.7,0.8196,0.1,None,0,0,0,None,0,triphenylphosphine,1.0294,3.92,0.6888,trioctylphosphine oxide,2.0588,None,0,3.2941,90,toluene,2,none,362.5,3.5,none,wurtzite,TEM,J. Am. Chem. Soc. 2005 127 12 4372 - 4375